StartDate,EndDate,Status,IPAddress,Progress,Duration (in seconds),Finished,RecordedDate,ResponseId,RecipientLastName,RecipientFirstName,RecipientEmail,ExternalReference,LocationLatitude,LocationLongitude,DistributionChannel,UserLanguage,consent_q,att1,att2,Q87_First Click,Q87_Last Click,Q87_Page Submit,Q87_Click Count,Q82_First Click,Q82_Last Click,Q82_Page Submit,Q82_Click Count,vA_sue_1,vB_sue_1,defective_1,negligence_1,counterfactual_1,capability_1,fault_1,superhuman_1,comp1,comp_accident,ai_familiarity_1,liab_familiarity_1,gender,gender_4_TEXT,age,edu,edu_8_TEXT,questions_1_DO,questions_2_DO
Start Date,End Date,Response Type,IP Address,Progress,Duration (in seconds),Finished,Recorded Date,Response ID,Recipient Last Name,Recipient First Name,Recipient Email,External Data Reference,Location Latitude,Location Longitude,Distribution Channel,User Language,Do you consent,This is an attention check. John is taller than Paul. Who is shorter?,"What color is grass?



The fresh, uncut grass, not leaves or hay. Please make sure to select purple, so that we know you're paying attention.",Timing - First Click,Timing - Last Click,Timing - Page Submit,Timing - Click Count,Timing - First Click,Timing - Last Click,Timing - Page Submit,Timing - Click Count,"Please rate the extent to which you agree with the following statement (0=completely disagree, 100=completely agree):

 
How much do you agree: It would be reasonable to sue the driver of Vehicle A for the serious injuries sustained by the occupant of Vehicle B. - 1","Please rate the extent to which you agree with the following statement (0=completely disagree, 100=completely agree):

How much do you agree: It would be reasonable to sue the driver of Vehicle B for the serious injuries sustained by the occupant of Vehicle B. - 1","Please rate the extent to which you agree with the following statement (0=completely disagree, 100=completely agree):
 

How much do you agree: Vehicle B is defective. - 1","Please rate the extent to which you agree with the following statement (0=completely disagree, 100=completely agree): 

 
How much do you agree: The behavior of Vehicle B was negligent. - 1","Now, please imagine that two people, Sam and Alex, are having the following discussion concerning what just happened:
 

Alex: ""I wonder how things could have gone differently.""

Sam: ""Well, I really wonder what would've happened if the occupant of Vehicle B had more control of the vehicle.‚Äù

Alex: ""Really? Of all the ways things could have gone differently, that doesn't seem like the one that's worth thinking about.""

 

Please rate the extent to which you agree with Sam below: - 1",How much do you agree: Vehicle B should have been able to avoid this accident. - 1,How much do you agree: Vehicle B should avoid accidents when it is not necessarily at fault. - 1,"Please rate the extent to which you agree with the following statement: Autonomous robocars should be more aware, more attentive and more reactive than human drivers. - 1",Which of the following was true about Vehicle B?,Which of the following was true about the video?,"Before this survey, how familiar were you with autonomous vehicle accident prevention algorithms?","Before this survey, how familiar were you with liability in autonomous vehicle accidents?",What is your gender? - Selected Choice,What is your gender? - Other (please specify) - Text,What is your age (in years)?,What is the highest level of education you have completed? - Selected Choice,What is the highest level of education you have completed? - Other (please specify) - Text,questions_1 - Display Order,questions_2 - Display Order
"{""ImportId"":""startDate"",""timeZone"":""America/Denver""}","{""ImportId"":""endDate"",""timeZone"":""America/Denver""}","{""ImportId"":""status""}","{""ImportId"":""ipAddress""}","{""ImportId"":""progress""}","{""ImportId"":""duration""}","{""ImportId"":""finished""}","{""ImportId"":""recordedDate"",""timeZone"":""America/Denver""}","{""ImportId"":""_recordId""}","{""ImportId"":""recipientLastName""}","{""ImportId"":""recipientFirstName""}","{""ImportId"":""recipientEmail""}","{""ImportId"":""externalDataReference""}","{""ImportId"":""locationLatitude""}","{""ImportId"":""locationLongitude""}","{""ImportId"":""distributionChannel""}","{""ImportId"":""userLanguage""}","{""ImportId"":""QID60""}","{""ImportId"":""QID30""}","{""ImportId"":""QID31""}","{""ImportId"":""QID105_FIRST_CLICK""}","{""ImportId"":""QID105_LAST_CLICK""}","{""ImportId"":""QID105_PAGE_SUBMIT""}","{""ImportId"":""QID105_CLICK_COUNT""}","{""ImportId"":""QID100_FIRST_CLICK""}","{""ImportId"":""QID100_LAST_CLICK""}","{""ImportId"":""QID100_PAGE_SUBMIT""}","{""ImportId"":""QID100_CLICK_COUNT""}","{""ImportId"":""QID92_1""}","{""ImportId"":""QID107_1""}","{""ImportId"":""QID108_1""}","{""ImportId"":""QID109_1""}","{""ImportId"":""QID86_1""}","{""ImportId"":""QID112_1""}","{""ImportId"":""QID113_1""}","{""ImportId"":""QID115_1""}","{""ImportId"":""QID111""}","{""ImportId"":""QID96""}","{""ImportId"":""QID59_1""}","{""ImportId"":""QID127_1""}","{""ImportId"":""QID12""}","{""ImportId"":""QID12_4_TEXT""}","{""ImportId"":""QID14_TEXT""}","{""ImportId"":""QID15""}","{""ImportId"":""QID15_8_TEXT""}","{""ImportId"":""BL_9GfzF27Xb7bM06i_DO""}","{""ImportId"":""BL_7O2TnwoTMaIzhJ4_DO""}"
2022-11-14 09:47:31,2022-11-14 09:49:41,0,72.192.178.157,100,129,1,2022-11-14 09:49:41,R_tXqkLmT43dtUvIJ,,,,,32.7398,-117.027,anonymous,EN,1,2,2,0,0,11.886,0,0,0,11.099,0,100,0,0,0,60,21,100,100,1,1,33,0,1,,40,1,,Q90|negligence|vB_sue|vA_sue|defective,Q71|counterfactual|capability|fault
2022-11-14 09:48:23,2022-11-14 09:50:39,0,174.103.172.120,100,136,1,2022-11-14 09:50:39,R_2ZId0si54S8LFrZ,,,,,43.0818,-87.892,anonymous,EN,1,2,2,0,0,15.523,0,0,0,11.028,0,94,2,10,1,6,23,51,82,,1,38,38,1,,32,5,,Q90|defective|vB_sue|negligence|vA_sue,Q71|counterfactual|fault|capability
2022-11-14 09:47:52,2022-11-14 09:50:42,0,68.204.208.53,100,169,1,2022-11-14 09:50:42,R_3lFDAj05Xw3K6Mw,,,,,28.5978,-81.3024,anonymous,EN,1,2,2,0,0,17.04,0,0,0,11.538,0,100,0,0,0,97,2,8,90,,1,30,24,2,,61,3,,Q90|defective|vA_sue|vB_sue|negligence,Q71|capability|counterfactual|fault
2022-11-14 09:48:53,2022-11-14 09:51:00,0,155.178.180.11,100,127,1,2022-11-14 09:51:01,R_1Ia6fSvzUCTngTF,,,,,37.751,-97.822,anonymous,EN,1,2,2,0,0,18.198,0,0,0,15.584,0,66,42,58,33,55,40,44,41,,2,55,54,1,,37,4,,Q90|vA_sue|negligence|defective|vB_sue,Q71|capability|counterfactual|fault
2022-11-14 09:48:45,2022-11-14 09:51:17,0,73.30.125.50,100,151,1,2022-11-14 09:51:17,R_1rknI0sZ4nXIfF0,,,,,40.3061,-75.1483,anonymous,EN,1,2,2,0,0,11.503,0,9.421,9.421,17.69,1,100,0,0,0,2,1,50,82,,1,6,0,2,,35,5,,Q90|vB_sue|negligence|defective|vA_sue,Q71|capability|counterfactual|fault
2022-11-14 09:48:17,2022-11-14 09:51:22,0,74.128.165.2,100,184,1,2022-11-14 09:51:22,R_25SgdJjML3TJcx8,,,,,39.0217,-84.4989,anonymous,EN,1,2,2,0,0,20.276,0,0,0,12.12,0,88,10,4,5,7,7,14,19,,1,30,28,2,,33,4,,Q90|negligence|vA_sue|defective|vB_sue,Q71|capability|fault|counterfactual
2022-11-14 09:48:43,2022-11-14 09:51:34,0,198.137.18.190,100,170,1,2022-11-14 09:51:34,R_PClbu7wZbDnyBSp,,,,,33.9332,-83.3536,anonymous,EN,1,2,2,0,0,32.079,0,0,0,11.397,0,100,0,1,0,0,0,71,29,1,1,30,32,1,,22,3,,Q90|defective|vB_sue|negligence|vA_sue,Q71|fault|capability|counterfactual
2022-11-14 09:49:04,2022-11-14 09:51:42,0,75.4.177.95,100,157,1,2022-11-14 09:51:42,R_C1d9rbauA4KzfsR,,,,,33.1909,-96.6198,anonymous,EN,1,2,2,0,0,12.749,0,0,0,10.857,0,79,0,0,0,2,0,50,50,,1,13,7,2,,47,4,,Q90|vB_sue|vA_sue|negligence|defective,Q71|counterfactual|capability|fault
2022-11-14 09:49:12,2022-11-14 09:51:45,0,67.184.92.172,100,153,1,2022-11-14 09:51:45,R_23dg2Lwxz2iXEVy,,,,,41.9778,-88.2018,anonymous,EN,1,2,2,1.34,18.103,20.358,2,10.082,10.082,10.792,1,100,16,1,12,89,33,100,100,,1,30,13,2,,53,4,,Q90|defective|vB_sue|negligence|vA_sue,Q71|fault|capability|counterfactual
2022-11-14 09:51:24,2022-11-14 09:51:49,0,198.203.177.177,100,24,1,2022-11-14 09:51:49,R_30pHa4QgweW5SWA,,,,,37.751,-97.822,anonymous,EN,1,2,1,,,,,,,,,,,,,,,,,,,,,,,,,,,
2022-11-14 09:50:16,2022-11-14 09:51:55,0,70.16.205.164,100,98,1,2022-11-14 09:51:55,R_AdgUXoys4S4Clod,,,,,44.6604,-70.1364,anonymous,EN,1,2,2,0,0,11.019,0,0,0,11.881,0,100,0,0,0,100,0,0,50,,1,50,50,1,,28,3,,Q90|negligence|vB_sue|vA_sue|defective,Q71|fault|counterfactual|capability
2022-11-14 09:49:30,2022-11-14 09:52:02,0,68.173.133.111,100,151,1,2022-11-14 09:52:02,R_2dhzb4cfNOVXY2A,,,,,41.4535,-74.4774,anonymous,EN,1,2,2,0,0,14.615,0,1.262,1.262,11.02,1,100,0,0,0,0,0,30,46,1,1,12,16,1,,27,1,,Q90|defective|vB_sue|vA_sue|negligence,Q71|capability|fault|counterfactual
2022-11-14 09:50:05,2022-11-14 09:52:07,0,130.44.246.158,100,122,1,2022-11-14 09:52:07,R_3dH4kaJRtOoMSjo,,,,,43.2678,-82.8243,anonymous,EN,1,2,2,0,0,12.334,0,8.644,8.931,15.796,3,50,0,0,0,0,50,100,50,,1,50,75,1,,42,3,,Q90|defective|vA_sue|negligence|vB_sue,Q71|fault|capability|counterfactual
2022-11-14 09:48:02,2022-11-14 09:52:14,0,174.86.56.150,100,251,1,2022-11-14 09:52:14,R_1DPi68h5lwwFgDh,,,,,38.5682,-89.8965,anonymous,EN,1,2,2,0,0,24.482,0,0,0,11.971,0,97,10,22,3,15,21,82,65,,1,53,32,2,,48,4,,Q90|vA_sue|vB_sue|negligence|defective,Q71|fault|capability|counterfactual
2022-11-14 09:50:11,2022-11-14 09:52:17,0,68.40.62.88,100,125,1,2022-11-14 09:52:17,R_RD2WvTMf91sGOI1,,,,,42.3068,-83.7059,anonymous,EN,1,2,2,0,0,11.516,0,0,0,11.795,0,72,25,26,25,48,49,49,100,,1,88,77,1,,20,3,,Q90|vA_sue|vB_sue|defective|negligence,Q71|fault|capability|counterfactual
2022-11-14 09:51:54,2022-11-14 09:52:19,0,198.203.177.177,100,25,1,2022-11-14 09:52:19,R_01xVaqelM390jv3,,,,,37.751,-97.822,anonymous,EN,1,3,1,,,,,,,,,,,,,,,,,,,,,,,,,,,
2022-11-14 09:49:14,2022-11-14 09:52:27,0,74.65.215.100,100,193,1,2022-11-14 09:52:28,R_3hnccjmLZd1JYN0,,,,,40.7149,-73.9893,anonymous,EN,1,2,2,0,0,20.526,0,0,0,13.477,0,100,0,0,9,10,9,8,70,,1,10,10,1,,26,4,,Q90|vB_sue|vA_sue|defective|negligence,Q71|capability|counterfactual|fault
2022-11-14 09:48:54,2022-11-14 09:52:28,0,107.3.31.123,100,214,1,2022-11-14 09:52:29,R_1lfVloZOsokfPHB,,,,,39.9552,-76.6653,anonymous,EN,1,2,2,24.951,24.951,26.085,1,0,0,11.168,0,80,29,27,29,20,36,29,71,1,1,12,14,2,,41,4,,Q90|negligence|vB_sue|vA_sue|defective,Q71|counterfactual|fault|capability
2022-11-14 09:50:26,2022-11-14 09:52:30,0,47.215.235.136,100,124,1,2022-11-14 09:52:31,R_3J3kHL5C3IeeHOm,,,,,34.8266,-111.7506,anonymous,EN,1,2,2,3.761,17.765,18.684,4,0,0,13.37,0,100,0,0,0,0,0,0,100,,1,25,33,1,,35,3,,Q90|vB_sue|vA_sue|negligence|defective,Q71|capability|counterfactual|fault
2022-11-14 09:49:05,2022-11-14 09:52:37,0,98.162.197.184,100,211,1,2022-11-14 09:52:37,R_1gkgAnDQKITJN30,,,,,35.6211,-97.4757,anonymous,EN,1,2,2,37.092,37.609,38.646,2,3.611,3.611,11.666,1,88,0,14,10,9,10,54,83,,1,24,54,1,,37,4,,Q90|defective|vA_sue|negligence|vB_sue,Q71|capability|fault|counterfactual
2022-11-14 09:48:25,2022-11-14 09:52:39,0,65.141.198.90,100,254,1,2022-11-14 09:52:40,R_1d6rHvL4I7waCPe,,,,,33.5401,-112.3161,anonymous,EN,1,2,2,0,0,19.554,0,0,0,11.541,0,100,0,0,0,0,0,0,50,,1,0,0,1,,39,3,,Q90|defective|vA_sue|vB_sue|negligence,Q71|fault|counterfactual|capability
2022-11-14 09:48:58,2022-11-14 09:52:54,0,73.250.52.100,100,236,1,2022-11-14 09:52:55,R_SN51APwanHcJQwV,,,,,38.9187,-75.4291,anonymous,EN,1,2,2,0,0,23.933,0,0,0,14.422,0,100,0,0,0,0,0,80,100,,1,20,0,2,,42,8,Associate's degree,Q90|defective|vB_sue|negligence|vA_sue,Q71|capability|fault|counterfactual
2022-11-14 09:49:59,2022-11-14 09:52:58,0,66.170.10.226,100,178,1,2022-11-14 09:52:58,R_3EbtUQCgu6DWW1x,,,,,43.0334,-89.4512,anonymous,EN,1,2,2,0,0,14.11,0,11.018,11.018,11.489,1,100,0,0,0,0,0,0,40,,1,20,0,1,,28,5,,Q90|vA_sue|negligence|vB_sue|defective,Q71|counterfactual|capability|fault
2022-11-14 09:48:54,2022-11-14 09:53:00,0,73.161.249.109,100,246,1,2022-11-14 09:53:01,R_3e1sateJgP8w5IB,,,,,42.558,-82.998,anonymous,EN,1,2,2,8.758,8.758,23.812,1,0,0,11.254,0,92,4,12,8,75,11,8,86,1,1,16,7,2,,34,2,,Q90|defective|vA_sue|negligence|vB_sue,Q71|capability|fault|counterfactual
2022-11-14 09:48:09,2022-11-14 09:53:03,0,75.48.78.21,100,294,1,2022-11-14 09:53:03,R_1GVJNXlEwYOQltQ,,,,,37.9545,-121.9759,anonymous,EN,1,2,2,0,0,13.213,0,0,0,10.983,0,100,0,0,0,0,0,50,83,1,1,70,0,1,,42,4,,Q90|defective|negligence|vB_sue|vA_sue,Q71|fault|counterfactual|capability
2022-11-14 09:48:55,2022-11-14 09:53:03,0,73.101.14.172,100,248,1,2022-11-14 09:53:04,R_1kULTFZGcOHiKkm,,,,,41.2723,-75.8887,anonymous,EN,1,2,2,0,0,25.729,0,0,0,12.479,0,75,73,0,5,69,24,27,15,,1,0,3,1,,46,2,,Q90|vA_sue|vB_sue|negligence|defective,Q71|capability|fault|counterfactual
2022-11-14 09:48:20,2022-11-14 09:53:04,0,185.251.19.53,100,284,1,2022-11-14 09:53:04,R_RKPZPZYVWnyStTH,,,,,38.894,-77.0365,anonymous,EN,1,2,2,0,0,38.617,0,0,0,16.169,0,50,61,47,71,28,39,62,42,,1,71,60,1,,31,4,,Q90|vA_sue|defective|vB_sue|negligence,Q71|capability|counterfactual|fault
2022-11-14 09:49:52,2022-11-14 09:53:09,0,216.49.47.157,100,196,1,2022-11-14 09:53:09,R_psDIblbgtPEjguR,,,,,41.1285,-75.0132,anonymous,EN,1,2,2,0,0,18.088,0,0,0,12.329,0,100,3,4,3,2,10,23,86,,1,73,13,1,,30,1,,Q90|defective|negligence|vB_sue|vA_sue,Q71|counterfactual|fault|capability
2022-11-14 09:48:10,2022-11-14 09:53:09,0,24.117.101.150,100,299,1,2022-11-14 09:53:10,R_2ZQ9PpjJAfcybuN,,,,,43.1943,-112.3615,anonymous,EN,1,2,2,0,0,36.055,0,0,0,11.822,0,100,0,11,100,5,30,100,75,,1,40,30,1,,66,3,,Q90|vB_sue|vA_sue|negligence|defective,Q71|capability|counterfactual|fault
2022-11-14 09:50:23,2022-11-14 09:53:09,0,129.222.85.85,100,166,1,2022-11-14 09:53:10,R_u84hJxDVEfIHetX,,,,,33.844,-84.4784,anonymous,EN,1,2,2,0,0,15.949,0,21.377,21.377,21.663,1,100,0,19,0,0,10,0,100,,1,0,0,2,,35,1,,Q90|vB_sue|negligence|vA_sue|defective,Q71|fault|counterfactual|capability
2022-11-14 09:50:13,2022-11-14 09:53:19,0,69.201.37.59,100,186,1,2022-11-14 09:53:19,R_cCLtyiASOktWvVT,,,,,42.9716,-76.223,anonymous,EN,1,2,2,0,0,12.283,0,0,0,21.129,0,100,0,0,0,0,0,100,50,,1,10,0,1,,31,1,,Q90|vB_sue|negligence|defective|vA_sue,Q71|counterfactual|capability|fault
2022-11-14 09:53:12,2022-11-14 09:53:22,0,76.180.67.64,100,9,1,2022-11-14 09:53:22,R_1kYrYXr0Y9Twdk0,,,,,42.9297,-78.7434,anonymous,EN,1,1,2,,,,,,,,,,,,,,,,,,,,,,,,,,,
2022-11-14 09:50:24,2022-11-14 09:53:44,0,184.167.229.24,100,199,1,2022-11-14 09:53:44,R_XRiBjTral1oUkKJ,,,,,45.9979,-112.5988,anonymous,EN,1,2,2,0,0,20.174,0,0,0,11.575,0,100,0,0,0,0,33,100,100,,1,10,0,1,,50,3,,Q90|negligence|defective|vA_sue|vB_sue,Q71|counterfactual|fault|capability
2022-11-14 09:48:21,2022-11-14 09:54:06,0,73.237.103.81,100,345,1,2022-11-14 09:54:06,R_2uOmbfzHF4HjR3j,,,,,34.2015,-84.4222,anonymous,EN,1,2,2,0,0,12.553,0,0,0,29.595,0,0,100,0,0,0,0,21,20,,1,0,1,2,,35,4,,Q90|vB_sue|defective|vA_sue|negligence,Q71|counterfactual|fault|capability
2022-11-14 09:51:20,2022-11-14 09:54:09,0,174.84.79.207,100,169,1,2022-11-14 09:54:10,R_3VnzvpX1Lqs61kl,,,,,42.9468,-83.817,anonymous,EN,1,2,2,0,0,18.2,0,0,0,12.648,0,100,0,0,0,10,20,90,80,,1,65,70,2,,36,4,,Q90|defective|negligence|vA_sue|vB_sue,Q71|capability|fault|counterfactual
2022-11-14 09:49:19,2022-11-14 09:54:22,0,24.73.13.115,100,303,1,2022-11-14 09:54:23,R_2OMVoCE731EAjIP,,,,,28.3318,-82.2446,anonymous,EN,1,2,2,0,0,16.643,0,0,0,12.944,0,100,100,0,0,0,27,100,92,,1,12,0,1,,35,3,,Q90|negligence|vB_sue|defective|vA_sue,Q71|counterfactual|fault|capability
2022-11-14 09:48:47,2022-11-14 09:54:28,0,67.77.218.157,100,340,1,2022-11-14 09:54:29,R_1Oox8OZnRZeEZZA,,,,,35.4452,-76.6389,anonymous,EN,1,2,2,0,0,31.89,0,0,0,14.702,0,65,20,18,10,30,50,75,50,1,1,0,0,2,,62,4,,Q90|defective|vA_sue|vB_sue|negligence,Q71|counterfactual|fault|capability
2022-11-14 09:52:31,2022-11-14 09:54:44,0,67.184.124.196,100,133,1,2022-11-14 09:54:45,R_2Vkc48qtQljPXeF,,,,,41.85,-87.7165,anonymous,EN,1,2,2,14.498,14.498,17.552,1,0,0,14.501,0,87,4,50,25,26,15,69,74,,1,66,28,1,,26,4,,Q90|negligence|vA_sue|vB_sue|defective,Q71|capability|fault|counterfactual
2022-11-14 09:51:54,2022-11-14 09:54:53,0,76.137.87.97,100,178,1,2022-11-14 09:54:53,R_OxnZ7oYbnjfTnkR,,,,,26.3796,-80.1029,anonymous,EN,1,2,2,0,0,29.814,0,0,0,12.796,0,91,10,10,15,91,9,70,31,,1,21,12,2,,30,5,,Q90|vB_sue|defective|negligence|vA_sue,Q71|counterfactual|capability|fault
2022-11-14 09:53:28,2022-11-14 09:55:01,0,174.21.137.4,100,93,1,2022-11-14 09:55:02,R_eo1pCdxSIu9pywN,,,,,47.6348,-122.3451,anonymous,EN,1,2,2,0,0,11.095,0,10.864,10.864,11.185,1,81,90,26,73,73,60,39,36,,1,16,61,1,,29,1,,Q90|vA_sue|vB_sue|negligence|defective,Q71|capability|fault|counterfactual
2022-11-14 09:51:11,2022-11-14 09:55:12,0,97.73.100.63,100,241,1,2022-11-14 09:55:13,R_3h4PxaENgkdLeuS,,,,,35.2296,-80.843,anonymous,EN,1,2,2,0,0,23.688,0,0,0,14.221,0,80,0,0,0,10,60,90,99,,1,40,55,1,,,5,,Q90|vB_sue|negligence|defective|vA_sue,Q71|counterfactual|capability|fault
2022-11-14 09:50:11,2022-11-14 09:55:30,0,73.95.34.151,100,318,1,2022-11-14 09:55:30,R_831jGGe5329558l,,,,,38.8898,-104.7433,anonymous,EN,1,2,2,0,0,48.697,0,0,0,14.477,0,100,0,0,0,0,0,0,90,,1,0,0,1,,52,5,,Q90|vB_sue|defective|vA_sue|negligence,Q71|counterfactual|capability|fault
2022-11-14 09:49:02,2022-11-14 09:55:36,0,71.234.179.238,100,394,1,2022-11-14 09:55:36,R_1EgPYk4sCmj26YT,,,,,42.3654,-72.4671,anonymous,EN,1,2,2,0,0,42.183,0,0,0,17.97,0,90,0,0,0,0,5,50,100,,1,5,0,2,,50,3,,Q90|negligence|defective|vB_sue|vA_sue,Q71|fault|capability|counterfactual
2022-11-14 09:50:46,2022-11-14 09:55:49,0,174.21.98.203,100,303,1,2022-11-14 09:55:50,R_2Ptmf1yZXK4ktJs,,,,,47.2476,-122.4643,anonymous,EN,1,2,2,0,0,24.072,0,0,0,19.601,0,99,3,9,1,7,19,50,92,,1,12,8,2,,57,2,,Q90|vA_sue|negligence|defective|vB_sue,Q71|capability|counterfactual|fault
2022-11-14 09:53:23,2022-11-14 09:56:15,0,75.84.114.212,100,171,1,2022-11-14 09:56:15,R_1OJmprJSQdqOx4m,,,,,33.9212,-118.1424,anonymous,EN,1,2,2,0,0,22.734,0,0,0,19.784,0,75,10,10,22,40,70,80,45,,1,15,8,1,,37,1,,Q90|negligence|vA_sue|vB_sue|defective,Q71|capability|counterfactual|fault
2022-11-14 09:49:52,2022-11-14 09:56:42,0,173.59.2.187,100,409,1,2022-11-14 09:56:42,R_1DLLDRdtoIg6fFg,,,,,39.904,-75.5089,anonymous,EN,1,2,2,35.414,35.414,36.833,1,0,0,16.17,0,65,33,29,20,25,35,50,50,,1,35,40,2,,51,1,,Q90|negligence|vB_sue|defective|vA_sue,Q71|fault|counterfactual|capability
2022-11-14 09:53:58,2022-11-14 09:57:05,0,76.107.22.101,100,186,1,2022-11-14 09:57:05,R_12AbHBmUeso40vU,,,,,35.1567,-89.9274,anonymous,EN,1,2,2,0,0,16.002,0,0,0,12.029,0,100,0,0,0,0,0,0,100,,1,68,36,1,,71,3,,Q90|vB_sue|negligence|defective|vA_sue,Q71|counterfactual|fault|capability
2022-11-14 09:48:50,2022-11-14 09:57:12,0,107.217.162.130,100,501,1,2022-11-14 09:57:12,R_pxG9CVK7ag4lKG5,,,,,30.5875,-97.8535,anonymous,EN,1,2,2,0,0,20.446,0,0,0,11.365,0,100,3,10,0,10,25,50,100,,1,30,20,1,,44,4,,Q90|vA_sue|defective|vB_sue|negligence,Q71|counterfactual|capability|fault
2022-11-14 09:51:38,2022-11-14 09:57:20,0,73.237.172.67,100,341,1,2022-11-14 09:57:20,R_22zfLbGLFyBf3h4,,,,,33.6012,-85.0507,anonymous,EN,1,2,2,0,0,62.639,0,17.156,17.156,19.673,1,100,0,0,0,0,30,100,71,,1,29,22,1,,56,3,,Q90|negligence|vB_sue|vA_sue|defective,Q71|fault|counterfactual|capability
2022-11-14 09:48:58,2022-11-14 09:57:56,0,67.231.55.60,100,538,1,2022-11-14 09:57:57,R_3HwCDuRMRunavMJ,,,,,29.2588,-82.2239,anonymous,EN,1,2,2,0,0,58.979,0,0,0,14.551,0,100,0,5,3,3,2,12,93,,1,0,2,2,,66,5,,Q90|negligence|defective|vB_sue|vA_sue,Q71|counterfactual|fault|capability
2022-11-14 09:55:10,2022-11-14 09:58:46,0,68.204.163.232,100,216,1,2022-11-14 09:58:47,R_spSDtOnPFqkrayR,,,,,28.3159,-80.7292,anonymous,EN,1,2,2,0,0,20.073,0,0,0,13.39,0,100,0,0,0,0,5,100,55,,1,60,30,1,,44,3,,Q90|defective|negligence|vB_sue|vA_sue,Q71|counterfactual|capability|fault
2022-11-14 09:51:26,2022-11-14 09:59:17,0,172.58.153.170,100,470,1,2022-11-14 09:59:17,R_3IaBZSyAGBRAzNA,,,,,34.0021,-81.0423,anonymous,EN,1,2,2,2.886,42.771,43.737,5,1.516,2.985,12.456,4,100,0,50,0,0,20,86,93,,1,79,61,1,,47,5,,Q90|vA_sue|defective|negligence|vB_sue,Q71|counterfactual|capability|fault
2022-11-14 09:55:02,2022-11-14 09:59:22,0,23.132.80.64,100,259,1,2022-11-14 09:59:22,R_sz2ZsMsvTKPON2x,,,,,43.9477,-86.2753,anonymous,EN,1,2,2,0,0,13.621,0,0,0,16.276,0,100,0,0,0,0,0,50,100,,1,0,0,2,,55,3,,Q90|vB_sue|vA_sue|defective|negligence,Q71|counterfactual|fault|capability
2022-11-14 09:55:19,2022-11-14 09:59:27,0,70.188.51.172,100,248,1,2022-11-14 09:59:28,R_21joa51VkWGlRzW,,,,,37.2348,-79.9464,anonymous,EN,1,2,2,0,0,17.665,0,16.122,16.122,16.553,1,100,0,0,0,0,0,20,90,,1,0,0,2,,35,3,,Q90|vA_sue|defective|negligence|vB_sue,Q71|capability|counterfactual|fault
2022-11-14 09:55:30,2022-11-14 09:59:31,0,71.28.80.35,100,240,1,2022-11-14 09:59:31,R_3Jw7he6gNYmXXxG,,,,,34.9251,-80.7278,anonymous,EN,1,2,2,0,0,26.537,0,0,0,14.647,0,100,0,0,0,0,3,58,15,,1,10,88,1,,47,3,,Q90|vA_sue|vB_sue|defective|negligence,Q71|counterfactual|capability|fault
2022-11-14 09:55:53,2022-11-14 09:59:32,0,107.131.145.149,100,218,1,2022-11-14 09:59:32,R_1FaeeMVyrejDiWW,,,,,41.4946,-90.5675,anonymous,EN,1,2,2,17.339,17.339,20.086,1,0,0,11.84,0,100,0,0,0,0,0,0,0,,1,14,15,1,,59,5,,Q90|vA_sue|negligence|vB_sue|defective,Q71|capability|fault|counterfactual
2022-11-14 09:56:02,2022-11-14 09:59:48,0,73.73.172.133,100,226,1,2022-11-14 09:59:49,R_yOX7qVZlw2VFRcZ,,,,,41.9409,-87.6532,anonymous,EN,1,2,2,0,0,15.965,0,0,0,12.103,0,100,0,0,0,0,20,50,100,,1,25,25,1,,49,4,,Q90|defective|negligence|vB_sue|vA_sue,Q71|fault|counterfactual|capability
2022-11-14 09:49:35,2022-11-14 09:59:51,0,162.210.194.37,100,615,1,2022-11-14 09:59:51,R_2D0R0ry27OR5TYe,,,,,39.715,-75.6178,anonymous,EN,1,2,2,0,0,41.864,0,0,0,121.916,0,90,79,61,62,73,68,50,56,1,1,61,50,1,,29,4,,Q90|vA_sue|vB_sue|negligence|defective,Q71|counterfactual|capability|fault
2022-11-14 09:58:41,2022-11-14 10:00:38,0,75.36.114.184,100,117,1,2022-11-14 10:00:38,R_1hXqOvtSRvTKRF9,,,,,36.0944,-95.9717,anonymous,EN,1,2,2,0,0,12.496,0,3.812,3.812,13.506,1,100,0,0,0,0,3,77,100,,1,9,0,2,,36,5,,Q90|negligence|vA_sue|defective|vB_sue,Q71|counterfactual|capability|fault
2022-11-14 09:55:19,2022-11-14 10:00:39,0,24.99.8.100,100,319,1,2022-11-14 10:00:39,R_1jJomxaJnVWUFJc,,,,,33.8654,-84.3385,anonymous,EN,1,2,2,0,0,25.472,0,0,0,14.994,0,100,0,15,5,5,20,75,85,,1,10,5,1,,35,4,,Q90|vA_sue|negligence|vB_sue|defective,Q71|counterfactual|capability|fault
2022-11-14 09:59:11,2022-11-14 10:01:05,0,67.10.81.157,100,113,1,2022-11-14 10:01:05,R_1FIKWZkk4epHUEz,,,,,25.9244,-97.4626,anonymous,EN,1,2,2,0,0,11.042,0,0,0,10.882,0,100,0,0,0,0,49,58,89,,1,18,14,2,,30,3,,Q90|vB_sue|vA_sue|negligence|defective,Q71|fault|counterfactual|capability
2022-11-14 09:58:04,2022-11-14 10:01:13,0,184.91.127.17,100,189,1,2022-11-14 10:01:14,R_2bUUkXybCLSvqYL,,,,,28.6524,-81.4897,anonymous,EN,1,2,2,0,0,15.087,0,0,0,11.759,0,100,0,0,0,0,0,50,100,,1,30,0,2,,43,1,,Q90|vA_sue|negligence|vB_sue|defective,Q71|counterfactual|capability|fault
2022-11-14 09:59:46,2022-11-14 10:04:18,0,24.237.164.78,100,272,1,2022-11-14 10:04:19,R_3oWRluOrLgDstL1,,,,,61.5883,-149.3959,anonymous,EN,1,2,2,0,0,22.601,0,0,0,11.757,0,80,10,20,30,20,30,70,75,,1,30,30,2,,36,1,,Q90|negligence|vA_sue|defective|vB_sue,Q71|fault|counterfactual|capability
2022-11-14 09:49:09,2022-11-14 10:04:58,0,141.165.38.91,100,949,1,2022-11-14 10:04:58,R_3L0bvVgxVjAwmXH,,,,,32.45,-81.7158,anonymous,EN,1,2,2,0,0,12.124,0,0,0,336.26,0,40,79,47,35,40,38,57,66,,2,36,34,2,,23,4,,Q90|vB_sue|negligence|defective|vA_sue,Q71|counterfactual|fault|capability
2022-11-14 10:02:25,2022-11-14 10:05:05,0,67.149.145.170,100,159,1,2022-11-14 10:05:05,R_vv6MyUE4rBf0MrD,,,,,42.558,-82.998,anonymous,EN,1,2,2,9.373,21.829,22.29,2,3.4,3.4,11.122,1,89,20,18,15,71,27,19,76,1,1,26,36,2,,28,4,,Q90|vB_sue|negligence|vA_sue|defective,Q71|counterfactual|capability|fault
2022-11-14 10:02:21,2022-11-14 10:05:09,0,38.71.66.207,100,167,1,2022-11-14 10:05:09,R_2658q6TCOdYXtSl,,,,,46.0966,-88.641,anonymous,EN,1,2,2,0,0,11.397,0,0,0,11.183,0,100,0,0,0,0,0,0,80,1,1,50,21,1,,39,3,,Q90|defective|vB_sue|vA_sue|negligence,Q71|fault|counterfactual|capability
2022-11-14 10:00:29,2022-11-14 10:05:11,0,76.128.223.158,100,282,1,2022-11-14 10:05:11,R_3sh1TGhuVA3HVyV,,,,,26.6371,-80.0841,anonymous,EN,1,2,2,5.33,26.844,29.193,3,0,0,13.431,0,100,0,0,0,0,9,100,92,,1,80,8,2,,70,1,,Q90|negligence|defective|vA_sue|vB_sue,Q71|capability|fault|counterfactual
2022-11-14 10:00:25,2022-11-14 10:05:36,0,47.183.187.148,100,310,1,2022-11-14 10:05:36,R_x3FZl84pxkIDfep,,,,,30.6667,-98.4419,anonymous,EN,1,2,2,0,0,32.724,0,0,0,14.527,0,100,0,2,100,100,7,61,94,,1,65,69,2,,47,3,,Q90|vA_sue|defective|negligence|vB_sue,Q71|counterfactual|capability|fault
2022-11-14 10:03:19,2022-11-14 10:05:54,0,24.154.229.133,100,155,1,2022-11-14 10:05:55,R_28IexM02whGz5ts,,,,,38.4376,-82.5547,anonymous,EN,1,2,2,0,0,20.354,0,0,0,13.934,0,100,0,0,0,0,0,0,100,,1,46,0,1,,40,4,,Q90|vA_sue|vB_sue|negligence|defective,Q71|fault|counterfactual|capability
2022-11-14 10:03:40,2022-11-14 10:06:15,0,107.13.236.197,100,155,1,2022-11-14 10:06:16,R_2TLGmlQnnwiG6Jt,,,,,35.8025,-78.6405,anonymous,EN,1,2,2,0,0,15.68,0,0,0,14.967,0,100,0,0,0,20,10,50,100,,1,10,0,2,,29,4,,Q90|vB_sue|negligence|vA_sue|defective,Q71|fault|counterfactual|capability
2022-11-14 10:04:01,2022-11-14 10:07:15,0,208.65.236.49,100,194,1,2022-11-14 10:07:15,R_22uapC5m4TkHJ23,,,,,42.9934,-84.1595,anonymous,EN,1,2,2,0,0,26.709,0,0,0,12.799,0,100,0,0,0,0,0,62,100,,1,9,0,2,,42,3,,Q90|negligence|vB_sue|vA_sue|defective,Q71|capability|fault|counterfactual
2022-11-14 10:04:41,2022-11-14 10:07:44,0,98.51.9.173,100,183,1,2022-11-14 10:07:45,R_2YS3BuhM3acxPQA,,,,,38.6226,-121.3885,anonymous,EN,1,2,2,0,0,14.288,0,0,0,11.461,0,0,100,0,100,89,100,0,0,,1,72,0,2,,44,4,,Q90|defective|negligence|vB_sue|vA_sue,Q71|fault|capability|counterfactual
2022-11-14 10:04:56,2022-11-14 10:08:41,0,24.17.142.26,100,225,1,2022-11-14 10:08:42,R_10OPuAGXCACUhRa,,,,,47.7027,-117.3702,anonymous,EN,1,2,2,14.567,14.981,23.367,2,0,0,10.892,0,100,100,0,0,2,15,25,100,,1,42,21,1,,30,3,,Q90|vB_sue|vA_sue|negligence|defective,Q71|capability|counterfactual|fault
2022-11-14 10:06:18,2022-11-14 10:08:56,0,68.62.56.123,100,158,1,2022-11-14 10:08:57,R_0jgRgjZzaJecmu5,,,,,42.7367,-84.4758,anonymous,EN,1,2,2,0,0,17.6,0,0,0,12.603,0,100,0,0,0,0,0,15,100,,1,33,24,1,,39,5,,Q90|vB_sue|vA_sue|negligence|defective,Q71|capability|counterfactual|fault
2022-11-14 10:05:37,2022-11-14 10:09:19,0,107.142.215.204,100,221,1,2022-11-14 10:09:19,R_2YihTLYuktaaAD5,,,,,34.029,-118.4005,anonymous,EN,1,2,2,0,0,19.746,0,0,0,10.981,0,100,0,0,0,0,0,50,100,,1,0,0,1,,34,4,,Q90|negligence|vB_sue|defective|vA_sue,Q71|counterfactual|fault|capability
2022-11-14 10:04:42,2022-11-14 10:09:20,0,73.95.95.118,100,277,1,2022-11-14 10:09:21,R_3j6ErpCbQT2uAAj,,,,,39.7128,-105.0953,anonymous,EN,1,2,2,2.48,32.425,34.87,2,20.164,20.164,20.734,1,100,0,0,0,0,0,50,0,,1,10,0,2,,61,4,,Q90|defective|negligence|vB_sue|vA_sue,Q71|counterfactual|capability|fault
2022-11-14 10:05:14,2022-11-14 10:09:25,0,75.184.121.219,100,250,1,2022-11-14 10:09:25,R_3KPn3JPupdA31hf,,,,,44.5034,-87.9813,anonymous,EN,1,2,2,1.691,27.088,28.697,2,6.739,19.928,27.703,3,100,0,0,0,0,6,50,100,,1,5,0,2,,64,4,,Q90|defective|vB_sue|negligence|vA_sue,Q71|counterfactual|fault|capability
2022-11-14 10:02:44,2022-11-14 10:09:31,0,2.57.168.175,100,406,1,2022-11-14 10:09:31,R_ANyeDdQ9SaxewHT,,,,,40.3318,-74.055,anonymous,EN,1,2,2,0,0,66.555,0,0,0,19.351,0,99,1,30,21,68,24,36,71,,1,79,86,1,,30,4,,Q90|vB_sue|vA_sue|negligence|defective,Q71|fault|counterfactual|capability
2022-11-14 10:05:09,2022-11-14 10:09:52,0,68.201.44.85,100,283,1,2022-11-14 10:09:53,R_2CUgSVwvL4PV1v9,,,,,30.0778,-93.8609,anonymous,EN,1,2,2,0,0,17.882,0,0,0,12.12,0,96,1,3,3,5,8,19,81,,1,20,0,2,,42,2,,Q90|defective|vA_sue|vB_sue|negligence,Q71|fault|capability|counterfactual
2022-11-14 10:03:47,2022-11-14 10:10:29,0,193.19.206.93,100,402,1,2022-11-14 10:10:29,R_3j3yFepeRIOCD00,,,,,42.3255,-83.0415,anonymous,EN,1,2,2,0,0,44.389,0,0,0,18.986,0,99,4,0,3,20,4,24,66,,1,0,59,1,,35,4,,Q90|defective|vA_sue|vB_sue|negligence,Q71|capability|counterfactual|fault
2022-11-14 10:07:46,2022-11-14 10:10:50,0,184.189.77.36,100,184,1,2022-11-14 10:10:50,R_3lJgxZlmOltO89V,,,,,29.7821,-91.504,anonymous,EN,1,2,2,0,0,17.006,0,0,0,11.442,0,100,0,0,0,0,0,75,100,,1,0,0,2,,45,3,,Q90|vB_sue|vA_sue|negligence|defective,Q71|counterfactual|fault|capability
2022-11-14 10:09:00,2022-11-14 10:11:21,0,103.107.135.184,100,140,1,2022-11-14 10:11:21,R_1DBDMe1ls8REubu,,,,,23.7731,90.3657,anonymous,EN,1,2,2,0,0,17.34,0,0,0,19.791,0,63,67,65,67,58,45,70,73,1,1,60,58,1,,38,4,,Q90|vA_sue|vB_sue|defective|negligence,Q71|counterfactual|fault|capability
2022-11-14 10:10:23,2022-11-14 10:12:43,0,68.201.44.85,100,140,1,2022-11-14 10:12:44,R_2SpHLLWLTVbQZ8v,,,,,30.0778,-93.8609,anonymous,EN,1,2,2,0,0,12.657,0,0,0,12.078,0,100,0,0,0,0,0,5,91,,1,4,0,2,,42,2,,Q90|negligence|defective|vA_sue|vB_sue,Q71|counterfactual|capability|fault
2022-11-14 10:03:42,2022-11-14 10:12:49,0,173.171.125.240,100,547,1,2022-11-14 10:12:49,R_DhPUBQZSDOzdjRn,,,,,28.1951,-81.6062,anonymous,EN,1,2,2,0,0,25.204,0,0,0,12.701,0,91,70,9,5,18,14,76,76,1,1,77,81,1,,44,4,,Q90|vB_sue|negligence|defective|vA_sue,Q71|capability|counterfactual|fault
2022-11-14 10:10:20,2022-11-14 10:12:58,0,76.138.252.87,100,157,1,2022-11-14 10:12:58,R_1OxyHZwW95JYj2B,,,,,45.6952,-122.6541,anonymous,EN,1,2,2,0,0,11.212,0,0,0,11.127,0,94,0,0,0,6,4,70,82,1,1,32,25,1,,37,3,,Q90|vB_sue|vA_sue|negligence|defective,Q71|capability|counterfactual|fault
2022-11-14 10:11:23,2022-11-14 10:13:26,0,108.73.188.110,100,123,1,2022-11-14 10:13:28,R_ptlhvrgOBHxftn3,,,,,33.852,-84.1152,anonymous,EN,1,2,2,0,0,20.286,0,0,0,17.491,0,100,0,0,0,0,18,100,50,,1,50,50,1,,30,4,,Q90|vA_sue|defective|negligence|vB_sue,Q71|capability|fault|counterfactual
2022-11-14 10:11:26,2022-11-14 10:14:15,0,67.181.73.245,100,168,1,2022-11-14 10:14:15,R_1exTJWM9xZ4wmJp,,,,,38.1228,-121.2543,anonymous,EN,1,2,2,0,0,18.15,0,0,0,12.543,0,100,0,0,0,0,7,5,50,,1,50,50,1,,33,1,,Q90|negligence|vB_sue|defective|vA_sue,Q71|counterfactual|capability|fault
2022-11-14 10:11:24,2022-11-14 10:14:40,0,97.120.92.178,100,195,1,2022-11-14 10:14:40,R_3NxQPFwstfDcQQx,,,,,45.5173,-122.6398,anonymous,EN,1,2,2,0,0,23.183,0,0,0,11.038,0,100,0,0,0,5,7,50,100,,1,6,0,1,,33,4,,Q90|vA_sue|defective|negligence|vB_sue,Q71|counterfactual|fault|capability
2022-11-14 10:04:05,2022-11-14 10:14:41,0,107.15.213.146,100,636,1,2022-11-14 10:14:41,R_sLlkUMkMqLZyiR3,,,,,35.8047,-78.8881,anonymous,EN,1,2,2,0,0,57.264,0,0,0,68.58,0,76,76,66,58,79,66,77,61,1,1,72,70,2,,34,5,,Q90|vB_sue|vA_sue|negligence|defective,Q71|capability|counterfactual|fault
2022-11-14 10:11:59,2022-11-14 10:14:50,0,47.220.38.113,100,170,1,2022-11-14 10:14:50,R_1kUEqygvjnP6i8U,,,,,38.3997,-81.582,anonymous,EN,1,2,2,0,0,21.095,0,0,0,10.701,0,100,100,0,9,22,17,64,77,,1,59,21,1,,39,1,,Q90|vA_sue|vB_sue|negligence|defective,Q71|counterfactual|fault|capability
2022-11-14 10:10:48,2022-11-14 10:15:26,0,24.125.120.89,100,278,1,2022-11-14 10:15:27,R_SBRhO5nCnggSUPT,,,,,33.852,-84.1152,anonymous,EN,1,2,2,1.94,13.841,19.249,3,0,0,24.718,0,93,1,6,14,50,20,13,66,,1,11,29,1,,27,1,,Q90|negligence|vA_sue|defective|vB_sue,Q71|counterfactual|fault|capability
2022-11-14 10:10:44,2022-11-14 10:15:44,0,76.217.93.231,100,299,1,2022-11-14 10:15:45,R_1ZdVlP6P0uDyZH3,,,,,25.7277,-80.3716,anonymous,EN,1,2,2,11.537,11.537,11.937,1,15.213,15.213,15.464,1,85,0,0,0,7,36,75,94,1,1,79,72,1,,34,4,,Q90|defective|vB_sue|negligence|vA_sue,Q71|counterfactual|fault|capability
2022-11-14 10:09:41,2022-11-14 10:15:50,0,73.34.61.56,100,368,1,2022-11-14 10:15:50,R_29tQ7ypgwBRXvIe,,,,,39.869,-104.9767,anonymous,EN,1,2,2,0,0,45.848,0,29.496,29.496,30.976,1,97,0,2,12,13,40,76,32,,1,18,9,1,,61,4,,Q90|negligence|vB_sue|defective|vA_sue,Q71|capability|fault|counterfactual
2022-11-14 10:12:30,2022-11-14 10:17:04,0,98.36.133.124,100,273,1,2022-11-14 10:17:04,R_2aetPURy0cb5NXt,,,,,38.4819,-121.4024,anonymous,EN,1,2,2,0,0,19.852,0,0,0,11.361,0,100,0,0,0,0,0,50,60,1,1,0,0,2,,28,1,,Q90|vB_sue|defective|negligence|vA_sue,Q71|counterfactual|fault|capability
2022-11-14 10:14:42,2022-11-14 10:17:11,0,100.7.113.63,100,148,1,2022-11-14 10:17:11,R_TsYSCwuEc4NWCWt,,,,,37.5109,-77.6429,anonymous,EN,1,2,2,0,0,16.185,0,0,0,11.467,0,100,0,0,0,9,5,19,100,,1,38,5,1,,55,3,,Q90|negligence|vA_sue|defective|vB_sue,Q71|capability|counterfactual|fault
2022-11-14 10:05:40,2022-11-14 10:18:35,0,73.31.148.103,100,775,1,2022-11-14 10:18:35,R_2V84AopTSTlYYkB,,,,,37.4365,-77.4807,anonymous,EN,1,2,2,10.967,170.355,172.308,3,0,0,449.315,0,93,91,26,21,16,26,63,94,1,1,56,33,2,,36,3,,Q90|negligence|vB_sue|vA_sue|defective,Q71|capability|fault|counterfactual
2022-11-14 10:07:28,2022-11-14 10:19:39,0,73.205.201.181,100,730,1,2022-11-14 10:19:39,R_2SkOYEzCKn3aPdZ,,,,,25.6589,-80.3553,anonymous,EN,1,2,2,0,0,20.353,0,0,0,12.074,0,100,0,0,0,0,0,50,50,1,1,46,3,2,,,4,,Q90|defective|vA_sue|negligence|vB_sue,Q71|fault|capability|counterfactual
2022-11-14 10:17:19,2022-11-14 10:20:45,0,174.49.109.3,100,205,1,2022-11-14 10:20:45,R_2fg1IjtMxPEBI35,,,,,34.2037,-84.1031,anonymous,EN,1,2,2,0,0,13.505,0,0,0,11.572,0,100,0,0,0,0,0,81,100,1,1,50,0,1,,40,4,,Q90|negligence|vB_sue|defective|vA_sue,Q71|fault|counterfactual|capability
2022-11-14 10:18:33,2022-11-14 10:20:59,0,50.34.51.64,100,146,1,2022-11-14 10:21:00,R_R2Yhrs2wMKKKarv,,,,,47.8534,-122.2438,anonymous,EN,1,2,2,0,0,12.04,0,0,0,11.217,0,100,0,0,0,0,0,100,100,,1,20,30,1,,52,4,,Q90|vA_sue|negligence|vB_sue|defective,Q71|fault|capability|counterfactual
2022-11-14 10:19:07,2022-11-14 10:21:35,0,35.139.6.91,100,148,1,2022-11-14 10:21:36,R_vVN4cvBLA4e9sPv,,,,,28.3637,-82.6759,anonymous,EN,1,2,2,18.26,18.26,20.157,1,3.239,3.239,11.073,1,100,0,20,4,61,29,81,16,,1,40,34,1,,32,4,,Q90|vA_sue|negligence|defective|vB_sue,Q71|fault|counterfactual|capability
2022-11-14 10:17:01,2022-11-14 10:22:00,0,75.188.203.67,100,298,1,2022-11-14 10:22:00,R_2S07bscNg51QzYp,,,,,39.9581,-82.8068,anonymous,EN,1,2,2,3.67,23.14,23.638,4,2.153,2.153,22.512,1,100,0,0,0,0,5,71,100,,1,65,60,1,,53,2,,Q90|vB_sue|defective|vA_sue|negligence,Q71|capability|counterfactual|fault
2022-11-14 10:18:24,2022-11-14 10:22:24,0,38.127.143.193,100,239,1,2022-11-14 10:22:25,R_2OHYhSqu3gbLFYf,,,,,38.9091,-77.0203,anonymous,EN,1,2,2,7.873,7.873,19.701,1,2.646,2.646,12.056,1,100,0,0,0,0,7,88,100,,1,60,30,2,,37,5,,Q90|vB_sue|negligence|defective|vA_sue,Q71|fault|counterfactual|capability
2022-11-14 10:18:55,2022-11-14 10:23:03,0,104.228.4.55,100,248,1,2022-11-14 10:23:03,R_3nkmypzVnkeG4JL,,,,,42.5376,-73.7071,anonymous,EN,1,2,2,0,0,17.924,0,0,0,12.403,0,100,0,0,0,0,20,15,50,,1,65,30,1,,47,2,,Q90|negligence|defective|vA_sue|vB_sue,Q71|capability|counterfactual|fault
2022-11-14 10:18:26,2022-11-14 10:23:12,0,47.156.105.94,100,285,1,2022-11-14 10:23:13,R_9nqZNzUf45RTvDr,,,,,34.1535,-117.8457,anonymous,EN,1,2,2,0,0,28.46,0,0,0,12.772,0,100,0,0,0,0,100,100,100,,1,20,0,1,,52,4,,Q90|defective|vB_sue|vA_sue|negligence,Q71|counterfactual|capability|fault
2022-11-14 10:19:10,2022-11-14 10:23:13,0,73.205.49.161,100,243,1,2022-11-14 10:23:13,R_1rf6aSF0wH5y1Ea,,,,,26.0988,-80.1806,anonymous,EN,1,2,2,0,0,22.118,0,0,0,15.072,0,100,0,0,0,31,100,100,71,,1,9,0,2,,42,1,,Q90|negligence|defective|vB_sue|vA_sue,Q71|capability|fault|counterfactual
2022-11-14 10:19:40,2022-11-14 10:23:15,0,69.174.135.205,100,215,1,2022-11-14 10:23:16,R_2CpLOSL4cvQYANR,,,,,39.9594,-86.0199,anonymous,EN,1,2,2,0,0,24.617,0,0,0,12.407,0,51,0,0,10,10,15,100,90,,1,20,10,2,,41,4,,Q90|vA_sue|vB_sue|negligence|defective,Q71|capability|fault|counterfactual
2022-11-14 10:19:48,2022-11-14 10:23:56,0,149.75.236.129,100,248,1,2022-11-14 10:23:56,R_1oB9JuFuwDZJUKY,,,,,42.0364,-88.324,anonymous,EN,1,2,2,0,0,25.271,0,0,0,12.272,0,100,0,61,9,19,64,47,69,1,1,22,21,2,,25,1,,Q90|vB_sue|vA_sue|negligence|defective,Q71|counterfactual|fault|capability
2022-11-14 10:22:11,2022-11-14 10:24:06,0,199.80.74.66,100,114,1,2022-11-14 10:24:06,R_1qUn6L1QPVxZLE7,,,,,29.998,-90.2133,anonymous,EN,1,2,2,0,0,12.381,0,0,0,11.069,0,100,0,0,0,10,30,70,100,,1,60,30,1,,36,1,,Q90|vA_sue|defective|negligence|vB_sue,Q71|capability|fault|counterfactual
2022-11-14 10:20:18,2022-11-14 10:24:28,0,73.154.224.110,100,250,1,2022-11-14 10:24:29,R_3m2b5wLTPNGOMtA,,,,,40.6005,-80.2105,anonymous,EN,1,2,2,0,0,27.131,0,0,0,14.819,0,100,0,0,10,57,68,97,100,,1,0,0,2,,68,3,,Q90|vB_sue|vA_sue|defective|negligence,Q71|fault|counterfactual|capability
2022-11-14 10:19:50,2022-11-14 10:25:01,0,108.200.98.217,100,310,1,2022-11-14 10:25:01,R_1hHkKeWi8e9z8vz,,,,,38.1228,-121.2543,anonymous,EN,1,2,2,0,0,24.462,0,0,0,19.56,0,90,0,0,10,5,20,50,65,2,1,65,20,2,,37,1,,Q90|vB_sue|negligence|defective|vA_sue,Q71|counterfactual|capability|fault
2022-11-14 10:22:26,2022-11-14 10:25:04,0,72.255.78.178,100,158,1,2022-11-14 10:25:05,R_2Bbrp3Mt8bcbYS2,,,,,42.0228,-91.6572,anonymous,EN,1,2,2,0,0,19.667,0,0,0,11.503,0,82,13,23,14,20,45,30,68,1,1,26,18,1,,39,4,,Q90|defective|vB_sue|negligence|vA_sue,Q71|counterfactual|fault|capability
2022-11-14 10:22:29,2022-11-14 10:25:13,0,73.173.56.156,100,163,1,2022-11-14 10:25:13,R_1I9N1O5PajQZInH,,,,,38.8078,-77.0523,anonymous,EN,1,2,2,0,0,21.357,0,0,0,12.955,0,84,33,28,33,18,58,74,28,,1,55,32,2,,30,7,,Q90|negligence|vA_sue|defective|vB_sue,Q71|fault|capability|counterfactual
2022-11-14 10:18:21,2022-11-14 10:25:21,0,74.83.73.15,100,420,1,2022-11-14 10:25:22,R_3QVlPq4IyCCfRnl,,,,,39.1642,-84.2356,anonymous,EN,1,2,2,0,0,46.042,0,0,0,16.902,0,100,0,0,0,0,0,100,100,,1,80,19,1,,68,4,,Q90|vB_sue|negligence|vA_sue|defective,Q71|capability|counterfactual|fault
2022-11-14 10:23:02,2022-11-14 10:25:53,0,107.2.209.212,100,170,1,2022-11-14 10:25:53,R_1P6mDkLVcT3btQa,,,,,39.9038,-104.9419,anonymous,EN,1,2,2,0,0,20.359,0,0,0,12.53,0,100,0,17,12,22,5,69,62,,1,38,46,1,,58,3,,Q90|defective|negligence|vA_sue|vB_sue,Q71|counterfactual|capability|fault
2022-11-14 10:21:31,2022-11-14 10:26:04,0,76.217.129.76,100,272,1,2022-11-14 10:26:04,R_SVnBNLGhpC3sYKt,,,,,33.0562,-117.2688,anonymous,EN,1,2,2,0,0,29.091,0,0,0,12.369,0,100,0,0,0,0,0,0,100,,1,40,0,2,,61,4,,Q90|vA_sue|defective|negligence|vB_sue,Q71|fault|counterfactual|capability
2022-11-14 10:23:24,2022-11-14 10:26:15,0,174.206.160.168,100,170,1,2022-11-14 10:26:15,R_1juJqmTsRZrG4jm,,,,,40.718,-74.0733,anonymous,EN,1,2,2,0,0,45.861,0,1.628,1.677,11.43,2,87,24,43,32,34,31,30,58,1,1,39,59,1,,31,4,,Q90|vA_sue|negligence|vB_sue|defective,Q71|counterfactual|capability|fault
2022-11-14 10:23:47,2022-11-14 10:26:26,0,97.124.244.83,100,159,1,2022-11-14 10:26:26,R_2rHpdJhobsJbYIc,,,,,33.5594,-112.0902,anonymous,EN,1,2,2,0,0,17.311,0,0,0,11.622,0,100,0,0,0,0,0,50,100,,1,10,0,1,,39,3,,Q90|defective|negligence|vA_sue|vB_sue,Q71|capability|counterfactual|fault
2022-11-14 10:23:07,2022-11-14 10:28:08,0,24.96.75.62,100,301,1,2022-11-14 10:28:08,R_1Nbj2jkhhylu7q4,,,,,34.7095,-86.7361,anonymous,EN,1,2,2,0,0,19.705,0,0,0,13.37,0,100,0,0,0,0,40,40,100,,1,0,0,2,,36,4,,Q90|negligence|vB_sue|vA_sue|defective,Q71|counterfactual|capability|fault
2022-11-14 10:23:49,2022-11-14 10:28:24,0,155.186.116.3,100,275,1,2022-11-14 10:28:24,R_1eRhFFSHnaQOk0H,,,,,34.5404,-117.3532,anonymous,EN,1,2,2,0,0,39.631,0,0,0,11.501,0,100,5,5,5,75,50,75,95,,1,10,0,2,,32,4,,Q90|vB_sue|vA_sue|defective|negligence,Q71|capability|counterfactual|fault
2022-11-14 10:24:02,2022-11-14 10:28:33,0,68.205.70.197,100,270,1,2022-11-14 10:28:34,R_2zBL6thPx2Vkby9,,,,,28.5504,-81.1833,anonymous,EN,1,2,2,6.612,24.813,25.802,2,0,0,11.883,0,100,0,0,0,0,0,65,100,,1,85,80,1,,63,3,,Q90|vB_sue|defective|vA_sue|negligence,Q71|capability|counterfactual|fault
2022-11-14 10:26:39,2022-11-14 10:29:28,0,24.197.205.81,100,168,1,2022-11-14 10:29:28,R_1lbivNmCImVHn6B,,,,,43.0628,-89.3171,anonymous,EN,1,2,2,0,0,14.693,0,0,0,11.183,0,100,0,0,0,9,60,100,100,,1,7,3,1,,48,4,,Q90|vA_sue|defective|negligence|vB_sue,Q71|fault|capability|counterfactual
2022-11-14 10:26:31,2022-11-14 10:29:50,0,32.208.88.213,100,199,1,2022-11-14 10:29:50,R_2pMETLT7sRCCD7n,,,,,41.1631,-73.214,anonymous,EN,1,2,2,0,0,29.098,0,0,0,17.819,0,97,6,4,4,48,17,42,42,1,1,10,3,2,,32,1,,Q90|vA_sue|negligence|defective|vB_sue,Q71|counterfactual|capability|fault
2022-11-14 10:22:59,2022-11-14 10:30:17,0,74.192.244.242,100,438,1,2022-11-14 10:30:17,R_211ITEwhuhN3Fs8,,,,,37.3131,-82.4129,anonymous,EN,1,2,2,0,0,13.599,0,0,0,13.222,0,82,19,20,28,75,63,74,87,,2,14,15,2,,58,4,,Q90|vA_sue|defective|vB_sue|negligence,Q71|counterfactual|fault|capability
2022-11-14 10:27:26,2022-11-14 10:30:19,0,65.60.89.50,100,173,1,2022-11-14 10:30:19,R_2xV4zwzKHZkbjML,,,,,33.6748,-117.9089,anonymous,EN,1,2,2,0,0,12.357,0,0,0,13.518,0,77,13,9,10,18,22,3,64,,1,53,63,1,,41,4,,Q90|vA_sue|negligence|vB_sue|defective,Q71|capability|fault|counterfactual
2022-11-14 10:23:24,2022-11-14 10:30:27,0,73.177.197.55,100,423,1,2022-11-14 10:30:27,R_3wPZUaUi6EQB2oh,,,,,39.1487,-78.2637,anonymous,EN,1,2,2,0,0,52.054,0,0,0,13.76,0,83,0,23,0,0,2,54,17,1,1,9,9,2,,48,4,,Q90|negligence|vA_sue|vB_sue|defective,Q71|fault|counterfactual|capability
2022-11-14 10:26:13,2022-11-14 10:30:40,0,74.195.169.136,100,267,1,2022-11-14 10:30:41,R_1JLdSzDqkBHIl3z,,,,,35.982,-96.7442,anonymous,EN,1,2,2,4.758,26.494,32.489,2,12.381,24.377,26.033,2,100,0,0,0,0,0,68,69,,1,78,62,1,,58,4,,Q90|vB_sue|negligence|defective|vA_sue,Q71|counterfactual|fault|capability
2022-11-14 10:29:10,2022-11-14 10:32:07,0,24.93.105.76,100,177,1,2022-11-14 10:32:08,R_1BVCGn82TB2ZlTR,,,,,38.2345,-85.7236,anonymous,EN,1,2,2,4.623,15.424,16.557,2,0,0,11.531,0,100,0,0,0,0,31,100,100,,1,73,0,2,,43,4,,Q90|vB_sue|negligence|defective|vA_sue,Q71|counterfactual|capability|fault
2022-11-14 10:25:58,2022-11-14 10:33:18,0,68.229.118.90,100,440,1,2022-11-14 10:33:18,R_3DtIwCjtxskxCnS,,,,,36.8336,-76.2644,anonymous,EN,1,2,2,0,0,24.806,0,0,0,14.24,0,100,50,0,0,0,0,100,20,,1,0,0,2,,38,5,,Q90|defective|negligence|vB_sue|vA_sue,Q71|capability|fault|counterfactual
2022-11-14 10:29:37,2022-11-14 10:33:18,0,68.43.95.173,100,221,1,2022-11-14 10:33:18,R_1rwERmqGEzybxvE,,,,,42.2385,-83.1783,anonymous,EN,1,2,2,0,0,17.728,0,0,0,11.176,0,100,0,5,0,5,10,10,90,,1,50,25,2,,41,4,,Q90|vA_sue|defective|vB_sue|negligence,Q71|capability|counterfactual|fault
2022-11-14 10:29:39,2022-11-14 10:33:49,0,67.84.23.158,100,250,1,2022-11-14 10:33:50,R_3IYxutSsHn1fggf,,,,,40.873,-73.8233,anonymous,EN,1,2,2,0,0,25.315,0,0,0,15.846,0,76,0,0,0,9,50,100,88,,1,7,4,1,,34,4,,Q90|vB_sue|defective|negligence|vA_sue,Q71|capability|counterfactual|fault
2022-11-14 10:28:31,2022-11-14 10:34:09,0,107.15.197.78,100,337,1,2022-11-14 10:34:09,R_yVHZ9llk0K9qO2Z,,,,,35.7965,-78.7981,anonymous,EN,1,2,2,0,0,44.617,0,0,0,15.043,0,100,0,0,0,8,72,100,100,,1,0,0,2,,,3,,Q90|negligence|vA_sue|defective|vB_sue,Q71|fault|counterfactual|capability
2022-11-14 10:31:25,2022-11-14 10:35:35,0,104.231.17.74,100,250,1,2022-11-14 10:35:35,R_3nAgDab6Fq0rxnT,,,,,39.8356,-84.2672,anonymous,EN,1,2,2,0,0,20.945,0,0,0,13.726,0,99,16,30,17,0,23,50,20,,1,6,7,2,,34,3,,Q90|vA_sue|defective|negligence|vB_sue,Q71|counterfactual|capability|fault
2022-11-14 10:32:31,2022-11-14 10:37:40,0,149.75.122.103,100,309,1,2022-11-14 10:37:40,R_3nlqgebGevGxZLg,,,,,38.061,-87.5501,anonymous,EN,1,2,2,0,0,54.24,0,0,0,11.225,0,75,0,0,9,20,21,60,36,,1,0,0,1,,26,5,,Q90|vB_sue|vA_sue|negligence|defective,Q71|fault|counterfactual|capability
2022-11-14 10:30:39,2022-11-14 10:38:30,0,207.244.89.161,100,470,1,2022-11-14 10:38:30,R_DRYCF7PEn2IHx0l,,,,,39.7356,-75.5516,anonymous,EN,1,2,2,0,0,34.107,0,0,0,30.456,0,100,97,100,100,55,51,82,50,1,1,50,50,1,,32,4,,Q90|vB_sue|negligence|defective|vA_sue,Q71|capability|fault|counterfactual
2022-11-14 10:37:31,2022-11-14 10:39:07,0,70.190.52.76,100,95,1,2022-11-14 10:39:08,R_3erU9ZJaUs2gwH0,,,,,33.5982,-112.3724,anonymous,EN,1,2,2,0.818,9.107,16.483,3,2.584,5.488,12.472,2,68,16,16,7,35,29,68,12,1,1,25,33,1,,23,1,,Q90|defective|negligence|vB_sue|vA_sue,Q71|capability|counterfactual|fault
2022-11-14 10:36:13,2022-11-14 10:39:50,0,174.101.136.173,100,216,1,2022-11-14 10:39:50,R_1HnmuxTiNKOSB3D,,,,,39.1497,-84.426,anonymous,EN,1,2,2,7.654,7.654,15.4,1,0,0,13.043,0,97,25,8,9,3,13,29,80,,1,0,0,2,,27,3,,Q90|defective|vA_sue|vB_sue|negligence,Q71|capability|fault|counterfactual
2022-11-14 10:36:03,2022-11-14 10:40:49,0,71.192.187.206,100,285,1,2022-11-14 10:40:49,R_2zU8Wgz3cnZzNP7,,,,,43.0729,-70.8052,anonymous,EN,1,2,2,19.157,19.157,36.073,1,14.497,14.497,16.803,1,98,5,80,10,2,10,50,50,,1,0,0,2,,40,1,,Q90|vA_sue|defective|negligence|vB_sue,Q71|counterfactual|fault|capability
2022-11-14 10:33:32,2022-11-14 10:40:57,0,98.149.74.82,100,444,1,2022-11-14 10:40:57,R_1obUgF56fbcOkeF,,,,,33.8001,-117.9949,anonymous,EN,1,2,2,0,0,115.389,0,0,0,16.307,0,80,31,43,22,38,32,40,61,,1,34,37,2,,46,4,,Q90|negligence|defective|vB_sue|vA_sue,Q71|capability|fault|counterfactual
2022-11-14 10:38:07,2022-11-14 10:41:49,0,136.32.31.146,100,222,1,2022-11-14 10:41:49,R_2OJdXFVURM1QpWA,,,,,39.0383,-94.5737,anonymous,EN,1,2,2,0,0,19.736,0,0,0,14.76,0,100,0,0,0,0,0,50,0,1,1,0,0,2,,47,1,,Q90|negligence|vB_sue|vA_sue|defective,Q71|counterfactual|capability|fault
2022-11-14 10:21:06,2022-11-14 10:42:00,0,50.231.88.211,100,1254,1,2022-11-14 10:42:01,R_1pzMtNQ5LQTTkyL,,,,,40.7149,-73.9893,anonymous,EN,1,2,2,0,0,91.999,0,0,0,22.94,0,100,100,9,11,60,20,10,40,1,1,40,30,1,,46,5,,Q90|defective|negligence|vA_sue|vB_sue,Q71|fault|counterfactual|capability
2022-11-14 10:35:26,2022-11-14 10:42:32,0,71.28.40.47,100,426,1,2022-11-14 10:42:32,R_0vQL8rGbsXk3CUh,,,,,31.4996,-82.8471,anonymous,EN,1,2,2,0,0,14.968,0,0,0,11.085,0,100,0,0,0,0,3,100,100,,1,0,4,1,,48,3,,Q90|negligence|vA_sue|vB_sue|defective,Q71|counterfactual|capability|fault
2022-11-14 10:36:16,2022-11-14 10:42:59,0,108.215.205.221,100,402,1,2022-11-14 10:42:59,R_20StBkArBrzy4Rf,,,,,26.5991,-80.1284,anonymous,EN,1,2,2,0,0,33.603,0,0,0,20.272,0,86,5,15,10,86,30,59,36,,1,16,17,2,,74,3,,Q90|defective|vA_sue|negligence|vB_sue,Q71|capability|fault|counterfactual
2022-11-14 10:43:14,2022-11-14 10:47:18,0,170.253.130.218,100,243,1,2022-11-14 10:47:19,R_3XiF8lXwb3CKqMF,,,,,33.4474,-88.8205,anonymous,EN,1,2,2,0,0,48.041,0,0,0,12.791,0,36,82,14,63,62,96,86,29,1,1,71,92,2,,25,4,,Q90|vA_sue|vB_sue|negligence|defective,Q71|fault|counterfactual|capability
2022-11-14 10:43:54,2022-11-14 10:47:41,0,74.89.193.170,100,227,1,2022-11-14 10:47:42,R_2D0jAokfgF73gww,,,,,41.1031,-72.371,anonymous,EN,1,2,2,19.257,19.257,20.349,1,0,0,11.475,0,95,10,70,8,14,8,82,75,,1,17,25,1,,54,3,,Q90|vB_sue|negligence|vA_sue|defective,Q71|counterfactual|capability|fault
2022-11-14 10:36:20,2022-11-14 10:47:55,0,172.92.254.151,100,694,1,2022-11-14 10:47:55,R_vVSD6syDy1AiafD,,,,,48.3643,-122.1403,anonymous,EN,1,2,2,0,0,45.709,0,0,0,22.342,0,91,0,0,0,0,0,50,100,,1,0,0,2,,68,4,,Q90|vA_sue|defective|negligence|vB_sue,Q71|counterfactual|capability|fault
2022-11-14 10:45:52,2022-11-14 10:48:18,0,66.76.34.42,100,145,1,2022-11-14 10:48:18,R_1o75tX4Nxg5d54R,,,,,30.6293,-97.6687,anonymous,EN,1,2,2,0,0,11.724,0,11.01,11.01,11.305,1,93,0,5,4,17,20,49,33,,1,66,26,1,,29,1,,Q90|vB_sue|defective|negligence|vA_sue,Q71|fault|counterfactual|capability
2022-11-14 10:46:22,2022-11-14 10:50:18,0,172.56.73.184,100,236,1,2022-11-14 10:50:19,R_32VMR2eYbyEqTv0,,,,,25.7612,-80.3137,anonymous,EN,1,2,2,0,0,36.768,0,0,0,11.73,0,100,0,0,0,0,0,100,100,,1,19,0,1,,65,4,,Q90|vB_sue|negligence|defective|vA_sue,Q71|capability|counterfactual|fault
2022-11-14 10:48:39,2022-11-14 10:51:29,0,174.65.104.146,100,169,1,2022-11-14 10:51:29,R_3sytJjQ4Xu1ldZb,,,,,32.6065,-117.058,anonymous,EN,1,2,2,2.994,15.624,17.083,3,9.82,9.82,14.396,1,100,0,0,0,0,29,82,100,,1,0,0,1,,26,4,,Q90|vA_sue|defective|vB_sue|negligence,Q71|counterfactual|fault|capability
2022-11-14 10:48:51,2022-11-14 10:51:51,0,98.1.35.206,100,180,1,2022-11-14 10:51:51,R_vwdF6NRmpb6kJOh,,,,,43.1612,-78.6946,anonymous,EN,1,2,2,0,0,23.801,0,0,0,11.2,0,100,18,0,8,7,0,98,95,,1,3,1,2,,40,4,,Q90|defective|vB_sue|negligence|vA_sue,Q71|counterfactual|capability|fault
2022-11-14 10:53:06,2022-11-14 10:55:06,0,209.170.246.130,100,120,1,2022-11-14 10:55:06,R_3kt4TzDfWz5ybfP,,,,,39.7897,-75.0355,anonymous,EN,1,2,2,0,0,13.444,0,0,0,11.176,0,81,3,0,4,2,22,50,71,1,1,33,7,2,,34,4,,Q90|negligence|defective|vB_sue|vA_sue,Q71|capability|counterfactual|fault
2022-11-14 10:56:36,2022-11-14 11:01:03,0,72.79.79.126,100,267,1,2022-11-14 11:01:04,R_1nSZkQM6GR7QQeK,,,,,40.7641,-74.1654,anonymous,EN,1,2,2,0,0,21.401,0,0,0,17.634,0,100,0,0,0,0,0,0,100,,1,75,50,2,,42,1,,Q90|negligence|vB_sue|vA_sue|defective,Q71|counterfactual|capability|fault
2022-11-14 10:49:28,2022-11-14 11:01:31,0,168.184.83.32,100,722,1,2022-11-14 11:01:31,R_1F3ObojMWJFEEeE,,,,,28.5815,-81.485,anonymous,EN,1,2,2,0,0,29.901,0,0,0,11.073,0,6,100,81,70,40,79,80,87,1,2,57,10,2,,45,5,,Q90|vB_sue|defective|vA_sue|negligence,Q71|counterfactual|fault|capability
2022-11-14 10:58:08,2022-11-14 11:02:00,0,172.56.27.194,100,232,1,2022-11-14 11:02:00,R_31F5Do8Djn4PLjn,,,,,29.9046,-90.0501,anonymous,EN,1,2,2,5.503,5.503,26.897,1,13.154,13.154,17.71,1,100,0,0,0,0,0,100,100,,1,50,50,2,,59,3,,Q90|defective|vB_sue|vA_sue|negligence,Q71|fault|counterfactual|capability
2022-11-14 11:07:25,2022-11-14 11:13:00,0,24.33.83.181,100,335,1,2022-11-14 11:13:01,R_3I5GEnfG7DqPN2s,,,,,39.4522,-83.841,anonymous,EN,1,2,2,10.017,39.146,41.454,2,20.017,20.017,21.366,1,100,0,0,0,10,0,38,19,,1,30,30,1,,45,4,,Q90|defective|negligence|vA_sue|vB_sue,Q71|capability|counterfactual|fault
2022-11-14 11:04:35,2022-11-14 11:19:17,0,99.190.37.16,100,881,1,2022-11-14 11:19:18,R_3OlaCGWftJ5Ma6r,,,,,33.7344,-84.0986,anonymous,EN,1,2,2,0,0,72.671,0,0,0,21.304,0,100,0,0,0,25,0,50,100,,1,15,15,1,,25,4,,Q90|negligence|defective|vA_sue|vB_sue,Q71|capability|fault|counterfactual
