StartDate,EndDate,Status,IPAddress,Progress,Duration (in seconds),Finished,RecordedDate,ResponseId,RecipientLastName,RecipientFirstName,RecipientEmail,ExternalReference,LocationLatitude,LocationLongitude,DistributionChannel,UserLanguage,consent_q,att1,att2,Q87_First Click,Q87_Last Click,Q87_Page Submit,Q87_Click Count,Q82_First Click,Q82_Last Click,Q82_Page Submit,Q82_Click Count,vA_sue_1,vB_sue_1,defective_1,negligence_1,counterfactual_1,capability_1,fault_1,superhuman_1,comp1,comp_accident,av_trust_1_1,av_trust_2_1,av_trust_3_1,av_trust_4_1,av_trust_5_1,ai_familiarity_1,liab_familiarity_1,gender,gender_4_TEXT,age,edu,edu_8_TEXT,questions_1_DO,questions_2_DO,scales_DO
Start Date,End Date,Response Type,IP Address,Progress,Duration (in seconds),Finished,Recorded Date,Response ID,Recipient Last Name,Recipient First Name,Recipient Email,External Data Reference,Location Latitude,Location Longitude,Distribution Channel,User Language,Do you consent,This is an attention check. John is taller than Paul. Who is shorter?,"What color is grass?



The fresh, uncut grass, not leaves or hay. Please make sure to select purple, so that we know you're paying attention.",Timing - First Click,Timing - Last Click,Timing - Page Submit,Timing - Click Count,Timing - First Click,Timing - Last Click,Timing - Page Submit,Timing - Click Count,"Please rate the extent to which you agree with the following statement (0=completely disagree, 100=completely agree):

 
How much do you agree: It would be reasonable to sue the driver of Vehicle A for the serious injuries sustained by the occupant of Vehicle B. - 1","Please rate the extent to which you agree with the following statement (0=completely disagree, 100=completely agree):

How much do you agree: It would be reasonable to sue the driver of Vehicle B for the serious injuries sustained by the occupant of Vehicle B. - 1","Please rate the extent to which you agree with the following statement (0=completely disagree, 100=completely agree):
 

How much do you agree: Vehicle B is defective. - 1","Please rate the extent to which you agree with the following statement (0=completely disagree, 100=completely agree): 

 
How much do you agree: The behavior of Vehicle B was negligent. - 1","Now, please imagine that two people, Sam and Alex, are having the following discussion concerning what just happened:
 

Alex: ""I wonder how things could have gone differently.""

Sam: ""Well, I really wonder what would've happened if the occupant of Vehicle B had more control of the vehicle.‚Äù

Alex: ""Really? Of all the ways things could have gone differently, that doesn't seem like the one that's worth thinking about.""

 

Please rate the extent to which you agree with Sam below: - 1",How much do you agree: Vehicle B should have been able to avoid this accident. - 1,How much do you agree: Vehicle B should avoid accidents when it is not necessarily at fault. - 1,"Please rate the extent to which you agree with the following statement: Autonomous robocars should be more aware, more attentive and more reactive than human drivers. - 1",Which of the following was true about Vehicle B?,Which of the following was true about the video?,"How much do you agree: I would be willing to let an AV 
make important driving decisions without my 
involvement. - 1","How much do you agree: If I was unable to monitor 
my driving activities, I would be willing to trust an AV to get the job done right. - 1",How much do you agree: I trust an AV to do things I can't do myself. - 1,How much do you agree: I trust an AV to do things my vehicle can't do itself. - 1,How much do you agree: I generally do not trust an AV. - 1,"Relative to the average person, how familiar are you with autonomous vehicle accident prevention algorithms?","Relative to the average person, how familiar are you with the laws regarding who is at fault in a car accident?",What is your gender? - Selected Choice,What is your gender? - Other (please specify) - Text,What is your age (in years)?,What is the highest level of education you have completed? - Selected Choice,What is the highest level of education you have completed? - Other (please specify) - Text,questions_1 - Display Order,questions_2 - Display Order,scales - Display Order
"{""ImportId"":""startDate"",""timeZone"":""America/Denver""}","{""ImportId"":""endDate"",""timeZone"":""America/Denver""}","{""ImportId"":""status""}","{""ImportId"":""ipAddress""}","{""ImportId"":""progress""}","{""ImportId"":""duration""}","{""ImportId"":""finished""}","{""ImportId"":""recordedDate"",""timeZone"":""America/Denver""}","{""ImportId"":""_recordId""}","{""ImportId"":""recipientLastName""}","{""ImportId"":""recipientFirstName""}","{""ImportId"":""recipientEmail""}","{""ImportId"":""externalDataReference""}","{""ImportId"":""locationLatitude""}","{""ImportId"":""locationLongitude""}","{""ImportId"":""distributionChannel""}","{""ImportId"":""userLanguage""}","{""ImportId"":""QID60""}","{""ImportId"":""QID30""}","{""ImportId"":""QID31""}","{""ImportId"":""QID105_FIRST_CLICK""}","{""ImportId"":""QID105_LAST_CLICK""}","{""ImportId"":""QID105_PAGE_SUBMIT""}","{""ImportId"":""QID105_CLICK_COUNT""}","{""ImportId"":""QID100_FIRST_CLICK""}","{""ImportId"":""QID100_LAST_CLICK""}","{""ImportId"":""QID100_PAGE_SUBMIT""}","{""ImportId"":""QID100_CLICK_COUNT""}","{""ImportId"":""QID92_1""}","{""ImportId"":""QID107_1""}","{""ImportId"":""QID108_1""}","{""ImportId"":""QID109_1""}","{""ImportId"":""QID86_1""}","{""ImportId"":""QID112_1""}","{""ImportId"":""QID113_1""}","{""ImportId"":""QID115_1""}","{""ImportId"":""QID111""}","{""ImportId"":""QID96""}","{""ImportId"":""QID136_1""}","{""ImportId"":""QID137_1""}","{""ImportId"":""QID138_1""}","{""ImportId"":""QID139_1""}","{""ImportId"":""QID140_1""}","{""ImportId"":""QID59_1""}","{""ImportId"":""QID127_1""}","{""ImportId"":""QID12""}","{""ImportId"":""QID12_4_TEXT""}","{""ImportId"":""QID14_TEXT""}","{""ImportId"":""QID15""}","{""ImportId"":""QID15_8_TEXT""}","{""ImportId"":""BL_9GfzF27Xb7bM06i_DO""}","{""ImportId"":""BL_7O2TnwoTMaIzhJ4_DO""}","{""ImportId"":""BL_7TGzTAcDG4EWCXk_DO""}"
2022-10-11 16:50:53,2022-10-11 16:53:21,0,97.113.101.211,100,148,1,2022-10-11 16:53:22,R_30dF1LP8vMcoPPM,,,,,47.5364,-122.278,anonymous,EN,1,2,2,0,0,10.86,0,0,0,10.491,0,100,0,0,0,1,15,60,80,,1,,,,,,30,88,1,,34,1,,Q90|vA_sue|negligence|defective|vB_sue,Q71|counterfactual|fault|capability,
2022-10-11 16:50:49,2022-10-11 16:53:25,0,130.44.143.14,100,155,1,2022-10-11 16:53:25,R_1MWH1WssUAHvHAn,,,,,42.3797,-71.1034,anonymous,EN,1,2,2,1.629,1.629,16.878,1,10.206,10.206,12.335,1,93,9,13,6,27,30,30,81,,1,,,,,,25,62,1,,29,4,,Q90|vB_sue|defective|negligence|vA_sue,Q71|capability|fault|counterfactual,
2022-10-11 16:52:00,2022-10-11 16:53:35,0,63.230.238.11,100,94,1,2022-10-11 16:53:35,R_3Kxugn4EfpUIqrG,,,,,33.5132,-112.083,anonymous,EN,1,2,2,3.481,8.781,10.947,3,4.451,5.526,10.823,2,78,87,22,19,60,18,60,65,1,1,,,,,,65,28,1,,24,4,,Q90|vA_sue|vB_sue|negligence|defective,Q71|capability|counterfactual|fault,
2022-10-11 16:51:40,2022-10-11 16:54:16,0,68.4.166.206,100,156,1,2022-10-11 16:54:16,R_115zs7OGzfN3Ev3,,,,,33.4339,-117.6221,anonymous,EN,1,2,2,0,0,22.791,0,10.559,10.782,10.976,2,100,0,0,0,0,0,50,100,,1,,,,,,50,50,1,,32,1,,Q90|vA_sue|defective|vB_sue|negligence,Q71|fault|counterfactual|capability,
2022-10-11 16:51:18,2022-10-11 16:54:17,0,76.102.45.49,100,178,1,2022-10-11 16:54:18,R_2uVbh0BEFAnQHWp,,,,,37.3417,-121.9753,anonymous,EN,1,2,2,0,0,12.768,0,0,0,10.7,0,50,30,0,0,0,0,52,51,1,1,,,,,,50,50,1,,33,3,,Q90|negligence|defective|vB_sue|vA_sue,Q71|capability|counterfactual|fault,
2022-10-11 16:50:39,2022-10-11 16:54:28,0,76.250.65.144,100,228,1,2022-10-11 16:54:28,R_2f2RRVYdV0XDGK2,,,,,29.7335,-95.5564,anonymous,EN,1,2,2,0,0,17.948,0,0,0,13.282,0,100,0,0,0,3,5,92,53,,1,,,,,,61,94,2,,68,3,,Q90|defective|vB_sue|vA_sue|negligence,Q71|fault|counterfactual|capability,
2022-10-11 16:53:08,2022-10-11 16:55:02,0,72.211.151.108,100,114,1,2022-10-11 16:55:03,R_1eUUoSeFmM3I5g0,,,,,33.2409,-111.7792,anonymous,EN,1,2,2,0,0,16.203,0,0,0,11.528,0,100,0,0,0,7,5,5,100,,1,,,,,,67,25,1,,33,5,,Q90|vB_sue|defective|negligence|vA_sue,Q71|capability|fault|counterfactual,
2022-10-11 16:51:09,2022-10-11 16:55:33,0,76.137.146.223,100,264,1,2022-10-11 16:55:33,R_3FLK5M0qUIWf88A,,,,,37.6752,-120.9465,anonymous,EN,1,2,2,0,0,17.504,0,0,0,10.629,0,100,0,25,0,0,0,50,80,,1,,,,,,50,50,1,,33,3,,Q90|vA_sue|vB_sue|defective|negligence,Q71|capability|counterfactual|fault,
2022-10-11 16:53:33,2022-10-11 16:55:41,0,73.123.183.63,100,127,1,2022-10-11 16:55:41,R_10xB2JchEDyhU0U,,,,,42.4609,-71.0074,anonymous,EN,1,2,2,0,0,11.187,0,0,0,10.741,0,100,0,0,0,0,0,50,50,,2,,,,,,0,51,1,,27,1,,Q90|negligence|defective|vA_sue|vB_sue,Q71|fault|capability|counterfactual,
2022-10-11 16:52:17,2022-10-11 16:55:56,0,173.94.135.180,100,219,1,2022-10-11 16:55:57,R_1jNRuBZZME8Rn1R,,,,,36.1053,-79.8762,anonymous,EN,1,2,2,0,0,38.104,0,0,0,12.972,0,100,0,0,0,15,66,88,86,1,1,,,,,,22,89,1,,36,5,,Q90|vA_sue|negligence|vB_sue|defective,Q71|fault|counterfactual|capability,
2022-10-11 16:51:37,2022-10-11 16:56:16,0,75.88.115.251,100,279,1,2022-10-11 16:56:17,R_2cwIN2GDsWgnHW8,,,,,37.9643,-84.4703,anonymous,EN,1,2,2,21.711,21.711,22.502,1,3.333,11.52,12.388,3,100,0,0,0,5,30,70,75,,1,,,,,,60,70,1,,30,3,,Q90|vA_sue|vB_sue|negligence|defective,Q71|fault|counterfactual|capability,
2022-10-11 16:55:41,2022-10-11 16:57:45,0,71.71.214.155,100,124,1,2022-10-11 16:57:45,R_UaUuG9vQfvUcDN7,,,,,35.2227,-80.7938,anonymous,EN,1,2,2,0,0,13.188,0,0,0,10.885,0,100,0,0,0,0,0,100,100,,1,,,,,,50,50,1,,37,3,,Q90|vB_sue|vA_sue|defective|negligence,Q71|fault|capability|counterfactual,
2022-10-11 16:52:59,2022-10-11 16:59:26,0,99.93.254.57,100,386,1,2022-10-11 16:59:26,R_1q57dYSJ4FlVN8M,,,,,33.058,-80.0101,anonymous,EN,1,2,2,0,0,130.77,0,0,0,16.435,0,100,9,0,9,67,51,100,93,,1,,,,,,0,20,2,,44,3,,Q90|vA_sue|negligence|defective|vB_sue,Q71|counterfactual|fault|capability,
2022-10-11 16:56:25,2022-10-11 17:00:16,0,98.212.147.239,100,231,1,2022-10-11 17:00:17,R_2rNFjtElNeImnel,,,,,40.112,-88.2365,anonymous,EN,1,2,2,16.152,16.152,18.849,1,0,0,12.448,0,100,0,0,2,30,50,98,95,,1,,,,,,56,44,1,,31,4,,Q90|negligence|defective|vB_sue|vA_sue,Q71|fault|capability|counterfactual,
2022-10-11 16:57:19,2022-10-11 17:00:19,0,98.246.102.10,100,179,1,2022-10-11 17:00:19,R_12SlNJAPXjcVbD3,,,,,44.6554,-123.135,anonymous,EN,1,2,2,11.04,11.04,11.288,1,18.161,18.161,18.454,1,98,0,5,10,25,40,75,94,,1,,,,,,58,65,1,,35,4,,Q90|vA_sue|defective|vB_sue|negligence,Q71|fault|capability|counterfactual,
2022-10-11 16:55:35,2022-10-11 17:01:33,0,202.182.71.22,100,357,1,2022-10-11 17:01:33,R_3Q04OG7CIjk7w4f,,,,,40.7123,-74.0068,anonymous,EN,1,2,2,3.257,3.257,20.922,1,10.646,10.646,14.495,1,76,72,83,27,56,78,31,69,1,2,,,,,,60,65,1,,63,5,,Q90|defective|negligence|vA_sue|vB_sue,Q71|capability|counterfactual|fault,
2022-10-11 16:59:16,2022-10-11 17:02:03,0,66.25.40.80,100,166,1,2022-10-11 17:02:03,R_vwSZQBHjmy7pIe5,,,,,32.7362,-96.1925,anonymous,EN,1,2,2,0,0,13.135,0,0,0,11.452,0,19,100,0,100,100,100,100,100,,1,,,,,,10,30,1,,29,1,,Q90|negligence|vB_sue|vA_sue|defective,Q71|fault|capability|counterfactual,
2022-10-11 16:56:24,2022-10-11 17:02:14,0,97.95.213.97,100,349,1,2022-10-11 17:02:15,R_3rIG5AC0CCHUsNg,,,,,43.0352,-83.5248,anonymous,EN,1,2,2,0,0,16.763,0,0,0,11.463,0,82,1,1,0,1,25,80,96,,2,,,,,,9,46,2,,57,3,,Q90|vA_sue|negligence|vB_sue|defective,Q71|fault|counterfactual|capability,
2022-10-11 16:57:56,2022-10-11 17:02:51,0,208.207.190.111,100,294,1,2022-10-11 17:02:51,R_1jE8r8oEQwLUKf8,,,,,40.7683,-73.9802,anonymous,EN,1,2,2,6.779,6.779,22.181,1,0,0,13.82,0,100,0,0,0,16,9,2,89,,2,,,,,,86,80,1,,35,4,,Q90|defective|negligence|vB_sue|vA_sue,Q71|counterfactual|fault|capability,
2022-10-11 17:00:42,2022-10-11 17:03:44,0,71.213.31.145,100,181,1,2022-10-11 17:03:44,R_0chsNLX9kaFK3JL,,,,,40.3626,-83.7565,anonymous,EN,1,2,2,0,0,22.411,0,0,0,11.121,0,100,0,0,0,0,50,78,100,,1,,,,,,50,60,1,,29,1,,Q90|negligence|defective|vA_sue|vB_sue,Q71|fault|capability|counterfactual,
2022-10-11 17:01:57,2022-10-11 17:04:09,0,24.23.0.67,100,131,1,2022-10-11 17:04:09,R_9FGK02ieim6KE4V,,,,,38.4819,-121.4024,anonymous,EN,1,2,2,1.94,11.717,12.865,3,1.593,1.593,10.952,1,74,27,32,65,78,89,67,100,,1,,,,,,19,30,2,,32,3,,Q90|vA_sue|negligence|vB_sue|defective,Q71|counterfactual|capability|fault,
2022-10-11 17:03:18,2022-10-11 17:05:46,0,38.95.237.121,100,148,1,2022-10-11 17:05:47,R_3g0ln5EEtOlSdBH,,,,,35.3584,-120.2596,anonymous,EN,1,2,2,0,0,10.857,0,0,0,11.191,0,0,100,82,100,100,100,100,91,1,1,,,,,,78,96,1,,34,4,,Q90|negligence|vB_sue|vA_sue|defective,Q71|fault|capability|counterfactual,
2022-10-11 17:04:25,2022-10-11 17:09:03,0,75.41.166.226,100,277,1,2022-10-11 17:09:03,R_2wFTxFYjeF9a38j,,,,,35.2804,-98.9474,anonymous,EN,1,2,2,0,0,49.469,0,0,0,12.501,0,95,90,5,4,5,35,58,99,,2,,,,,,42,60,2,,31,4,,Q90|vB_sue|negligence|defective|vA_sue,Q71|capability|fault|counterfactual,
2022-10-11 17:04:48,2022-10-11 17:09:04,0,23.243.125.38,100,255,1,2022-10-11 17:09:04,R_2TI9NBh6IQ5vwy6,,,,,34.1211,-117.4362,anonymous,EN,1,2,2,5.118,20.686,21.849,2,14.645,14.645,25.209,1,87,12,5,10,20,15,40,50,,1,,,,,,30,50,2,,38,4,,Q90|vA_sue|vB_sue|negligence|defective,Q71|capability|fault|counterfactual,
2022-10-11 17:06:02,2022-10-11 17:09:37,0,108.73.95.238,100,214,1,2022-10-11 17:09:38,R_2bJzyT67cZVxBMU,,,,,32.9636,-96.7468,anonymous,EN,1,2,2,0,0,42.767,0,0,0,13.03,0,100,4,0,9,8,5,50,19,,1,,,,,,19,50,1,,48,4,,Q90|negligence|vB_sue|defective|vA_sue,Q71|counterfactual|capability|fault,
2022-10-11 17:07:30,2022-10-11 17:10:24,0,50.5.8.249,100,174,1,2022-10-11 17:10:24,R_1LcBl2nOFZp2hEz,,,,,39.1642,-84.2356,anonymous,EN,1,2,2,0,0,14.788,0,3.164,3.164,11.175,1,100,0,0,0,0,20,100,100,,1,,,,,,50,50,1,,35,4,,Q90|defective|vB_sue|negligence|vA_sue,Q71|fault|capability|counterfactual,
2022-10-11 17:07:53,2022-10-11 17:11:19,0,96.2.84.91,100,205,1,2022-10-11 17:11:19,R_p6S1mdnIu138kk9,,,,,45.4636,-98.4829,anonymous,EN,1,2,2,0,0,17.301,0,0,0,40.653,0,68,70,77,73,77,79,83,75,1,2,,,,,,49,83,1,,26,3,,Q90|negligence|defective|vB_sue|vA_sue,Q71|fault|capability|counterfactual,
2022-10-11 17:06:22,2022-10-11 17:12:23,0,65.35.0.48,100,361,1,2022-10-11 17:12:24,R_87HeObiMMGZejp7,,,,,28.8348,-82.3262,anonymous,EN,1,2,2,0,0,72.603,0,0,0,22.481,0,100,0,0,10,10,20,50,90,,1,,,,,,50,60,1,,56,3,,Q90|negligence|vA_sue|defective|vB_sue,Q71|capability|counterfactual|fault,
2022-10-11 17:07:50,2022-10-11 17:12:54,0,173.16.190.227,100,304,1,2022-10-11 17:12:54,R_2A0ZHrDKMNAxZVz,,,,,41.2154,-86.4192,anonymous,EN,1,2,2,0,0,27.292,0,0,0,11.522,0,100,0,0,0,15,10,30,85,,1,,,,,,0,45,1,,40,8,less than high school,Q90|vB_sue|vA_sue|negligence|defective,Q71|capability|counterfactual|fault,
2022-10-11 17:13:12,2022-10-11 17:15:05,0,70.229.208.176,100,113,1,2022-10-11 17:15:06,R_2akPOHOKOiZcytP,,,,,38.0004,-121.3105,anonymous,EN,1,2,2,0,0,11.553,0,0,0,10.847,0,100,0,0,0,0,0,65,81,,1,,,,,,45,55,1,,24,3,,Q90|defective|vA_sue|negligence|vB_sue,Q71|fault|counterfactual|capability,
2022-10-11 17:06:03,2022-10-11 17:16:24,0,198.54.129.86,100,621,1,2022-10-11 17:16:25,R_A0VplPlzukPx1At,,,,,34.0515,-118.2707,anonymous,EN,1,2,2,1.572,1.572,23.704,1,0,0,14.5,0,100,0,0,0,0,0,26,64,1,1,,,,,,50,66,1,,39,3,,Q90|defective|vB_sue|negligence|vA_sue,Q71|counterfactual|capability|fault,
2022-10-11 17:15:27,2022-10-11 17:18:36,0,73.244.173.239,100,188,1,2022-10-11 17:18:36,R_vCz3sC9NdbmLxQt,,,,,27.6006,-80.4359,anonymous,EN,1,2,2,0,0,17.814,0,0,0,14.771,0,100,0,0,0,0,0,100,100,,1,,,,,,50,70,2,,36,1,,Q90|negligence|vB_sue|defective|vA_sue,Q71|fault|capability|counterfactual,
2022-10-11 17:17:25,2022-10-11 17:20:08,0,206.74.105.224,100,163,1,2022-10-11 17:20:09,R_2wgDh9xVpJM5eyu,,,,,34.3306,-82.333,anonymous,EN,1,2,2,0,0,16.094,0,0,0,11.044,0,100,0,0,0,7,0,25,94,,1,,,,,,28,50,2,,58,4,,Q90|defective|vB_sue|negligence|vA_sue,Q71|capability|fault|counterfactual,
2022-10-11 17:19:58,2022-10-11 17:23:55,0,143.55.93.115,100,237,1,2022-10-11 17:23:56,R_BEOu7GilR4o6DGF,,,,,39.9279,-120.9697,anonymous,EN,1,2,2,0,0,18.957,0,0,0,15.938,0,91,10,14,6,23,7,20,79,,1,,,,,,62,64,2,,37,4,,Q90|negligence|vB_sue|vA_sue|defective,Q71|counterfactual|fault|capability,
2022-10-11 17:21:35,2022-10-11 17:25:20,0,99.61.109.6,100,225,1,2022-10-11 17:25:22,R_3Mum4q97ud2X9Ol,,,,,28.5727,-80.8206,anonymous,EN,1,2,2,0,0,20.502,0,0,0,11.238,0,98,0,1,1,20,22,15,99,,1,,,,,,70,66,1,,39,3,,Q90|negligence|vB_sue|defective|vA_sue,Q71|capability|counterfactual|fault,
2022-10-11 17:22:49,2022-10-11 17:25:54,0,76.219.107.229,100,184,1,2022-10-11 17:25:54,R_3M6uc2czoQXbbx8,,,,,40.1104,-83.1131,anonymous,EN,1,2,2,0,0,44.128,0,0,0,11.44,0,100,23,4,5,16,40,79,97,,1,,,,,,79,100,1,,33,4,,Q90|defective|negligence|vB_sue|vA_sue,Q71|capability|counterfactual|fault,
2022-10-11 17:23:40,2022-10-11 17:27:40,0,76.208.100.151,100,240,1,2022-10-11 17:27:41,R_3nJzmkyqChjMRNa,,,,,26.4525,-80.1562,anonymous,EN,1,2,2,5.712,5.712,24.986,1,0,0,16.09,0,100,0,9,0,0,46,99,95,,1,,,,,,3,55,1,,37,5,,Q90|vB_sue|defective|negligence|vA_sue,Q71|counterfactual|fault|capability,
2022-10-11 17:24:47,2022-10-11 17:29:43,0,172.241.214.242,100,296,1,2022-10-11 17:29:44,R_1ff4ZpBTWC0zEFm,,,,,37.751,-97.822,anonymous,EN,1,2,2,23.04,23.04,23.552,1,0,0,16.301,0,100,0,0,0,0,5,75,90,,1,,,,,,45,50,1,,41,7,,Q90|vB_sue|vA_sue|defective|negligence,Q71|capability|counterfactual|fault,
2022-10-11 17:27:52,2022-10-11 17:31:37,0,174.192.131.101,100,225,1,2022-10-11 17:31:38,R_23TrDzR61AMjzEu,,,,,42.1614,-87.966,anonymous,EN,1,2,2,16.924,16.924,17.815,1,0,0,13.963,0,99,29,29,40,58,80,84,99,,1,,,,,,1,0,2,,39,1,,Q90|defective|negligence|vB_sue|vA_sue,Q71|capability|fault|counterfactual,
2022-10-11 17:29:55,2022-10-11 17:33:34,0,68.231.9.9,100,218,1,2022-10-11 17:33:34,R_NVJuGqIttN6qlgt,,,,,32.2506,-110.884,anonymous,EN,1,2,2,0,0,21.859,0,0,0,12.701,0,94,0,0,0,0,0,71,50,,2,,,,,,81,77,1,,35,3,,Q90|defective|negligence|vA_sue|vB_sue,Q71|fault|capability|counterfactual,
2022-10-11 17:34:42,2022-10-11 17:38:08,0,208.220.130.193,100,206,1,2022-10-11 17:38:09,R_3EJZqKm5lKmbLX8,,,,,42.7514,-71.5786,anonymous,EN,1,2,2,0,0,21.673,0,0,0,16.215,0,64,60,60,62,59,61,60,60,2,1,,,,,,65,63,1,,30,4,,Q90|vA_sue|vB_sue|negligence|defective,Q71|counterfactual|capability|fault,
2022-10-11 17:33:32,2022-10-11 17:41:32,0,68.229.74.103,100,480,1,2022-10-11 17:41:33,R_3GjrFQq15dcJyBg,,,,,41.5041,-72.9167,anonymous,EN,1,2,2,56.519,56.519,59.14,1,0,0,29.34,0,100,20,0,30,30,35,85,100,,1,,,,,,0,30,1,,39,4,,Q90|vB_sue|defective|negligence|vA_sue,Q71|counterfactual|capability|fault,
2022-10-11 17:36:00,2022-10-11 17:42:02,0,98.204.255.222,100,362,1,2022-10-11 17:42:03,R_1l0RFklMyo79vHJ,,,,,39.6249,-75.8351,anonymous,EN,1,2,2,0,0,13.813,0,0,0,11.217,0,100,0,5,0,10,5,95,75,1,1,,,,,,20,10,1,,32,3,,Q90|negligence|vA_sue|defective|vB_sue,Q71|fault|counterfactual|capability,
2022-10-11 17:42:11,2022-10-11 17:47:04,0,167.224.165.133,100,293,1,2022-10-11 17:47:05,R_Qcw5AnAL5vvYp0J,,,,,36.1835,-94.1762,anonymous,EN,1,2,2,0,0,18.61,0,0,0,11.451,0,100,0,0,0,0,0,50,80,,1,,,,,,50,75,1,,40,1,,Q90|negligence|vA_sue|defective|vB_sue,Q71|counterfactual|fault|capability,
2022-10-11 17:45:30,2022-10-11 17:47:46,0,98.212.187.205,100,136,1,2022-10-11 17:47:47,R_2aESTLpggO7I6j0,,,,,42.0487,-87.8905,anonymous,EN,1,2,2,2.101,7.814,23.134,4,0,0,10.951,0,100,0,0,5,0,80,100,100,,1,,,,,,8,19,1,,27,4,,Q90|vA_sue|defective|vB_sue|negligence,Q71|capability|fault|counterfactual,
2022-10-11 17:45:25,2022-10-11 17:48:55,0,100.12.205.132,100,210,1,2022-10-11 17:48:55,R_3O9sCYf7DGetKZs,,,,,40.7364,-73.8695,anonymous,EN,1,2,2,0,0,12.097,0,1.945,19.697,20.293,2,85,66,66,64,74,69,100,79,,1,,,,,,62,70,2,,24,7,,Q90|vA_sue|negligence|defective|vB_sue,Q71|fault|capability|counterfactual,
2022-10-11 17:53:11,2022-10-11 17:55:59,0,104.171.215.157,100,168,1,2022-10-11 17:56:00,R_1NnojPPtBed8Rtf,,,,,35.1492,-86.5646,anonymous,EN,1,2,2,0,0,31.952,0,0,0,11.031,0,100,0,0,0,0,0,39,72,,1,,,,,,49,51,2,,44,1,,Q90|defective|vA_sue|vB_sue|negligence,Q71|capability|fault|counterfactual,
2022-10-11 17:56:57,2022-10-11 17:59:53,0,73.200.186.41,100,176,1,2022-10-11 17:59:53,R_1KxVZ2W7SXULLUi,,,,,39.2124,-76.8776,anonymous,EN,1,2,2,0,0,20.694,0,0,0,11.218,0,100,0,0,0,0,0,80,100,,1,,,,,,10,20,1,,28,4,,Q90|negligence|vA_sue|defective|vB_sue,Q71|capability|counterfactual|fault,
2022-10-11 17:58:10,2022-10-11 18:01:01,0,98.58.161.58,100,170,1,2022-10-11 18:01:02,R_2ys9kZQo3xvp3xY,,,,,26.0162,-80.1955,anonymous,EN,1,2,2,0,0,13.633,0,0,0,10.968,0,100,0,0,0,0,0,0,100,,2,,,,,,72,70,1,,28,4,,Q90|negligence|defective|vB_sue|vA_sue,Q71|counterfactual|capability|fault,
2022-10-11 18:41:13,2022-10-11 18:43:29,0,71.28.227.8,100,135,1,2022-10-11 18:43:30,R_8d1FlOFRDUFLK5X,,,,,31.1823,-83.7641,anonymous,EN,1,2,2,0,0,13.321,0,0,0,13.99,0,20,1,16,9,93,30,69,77,1,1,,,,,,79,84,2,,39,3,,Q90|defective|negligence|vA_sue|vB_sue,Q71|fault|capability|counterfactual,
2022-10-11 18:21:30,2022-10-11 18:44:53,0,69.244.11.144,100,1402,1,2022-10-11 18:44:54,R_1Qu3V2UrqiR1sHb,,,,,32.3383,-111.0455,anonymous,EN,1,2,2,0,0,15.596,0,0,0,10.601,0,92,8,6,5,21,19,82,50,,1,,,,,,29,50,1,,33,2,,Q90|vB_sue|defective|negligence|vA_sue,Q71|fault|counterfactual|capability,
2022-10-11 22:04:28,2022-10-11 22:06:51,0,76.168.193.216,100,143,1,2022-10-11 22:06:51,R_1li9im7AzzU4xAq,,,,,34.0251,-118.1556,anonymous,EN,1,2,2,0,0,14.016,0,0,0,10.992,0,100,13,4,19,65,64,64,37,1,1,,,,,,70,72,1,,32,4,,Q90|negligence|vA_sue|defective|vB_sue,Q71|fault|capability|counterfactual,
2022-10-11 22:03:55,2022-10-11 22:07:12,0,70.162.25.201,100,197,1,2022-10-11 22:07:12,R_1KuRfwkQn1Hdd9U,,,,,31.9455,-110.9973,anonymous,EN,1,2,2,0,0,20.225,0,0,0,11.92,0,100,0,0,0,0,0,11,100,,1,,,,,,33,64,1,,45,4,,Q90|vA_sue|defective|vB_sue|negligence,Q71|counterfactual|capability|fault,
2022-10-11 22:04:32,2022-10-11 22:07:36,0,98.25.0.40,100,184,1,2022-10-11 22:07:36,R_2YX5dTb2GVKQb1k,,,,,34.1416,-80.8886,anonymous,EN,1,2,2,1.124,11.63,17.092,2,12.713,12.713,13.839,1,100,0,0,0,0,50,50,41,,1,,,,,,50,55,2,,38,4,,Q90|defective|vB_sue|vA_sue|negligence,Q71|counterfactual|capability|fault,
2022-10-11 22:04:34,2022-10-11 22:08:01,0,76.137.146.223,100,207,1,2022-10-11 22:08:02,R_4ZumDpYHwYxjUtz,,,,,37.6752,-120.9465,anonymous,EN,1,2,2,0,0,11.962,0,0,0,11.5,0,100,0,0,0,0,0,0,70,,1,,,,,,50,50,1,,33,4,,Q90|defective|vA_sue|negligence|vB_sue,Q71|counterfactual|fault|capability,
2022-10-11 22:04:59,2022-10-11 22:08:37,0,108.51.100.158,100,217,1,2022-10-11 22:08:37,R_SIgrsX1nB4PN5Lz,,,,,39.1361,-77.2824,anonymous,EN,1,2,2,0,0,40.799,0,0,0,11.973,0,100,0,0,0,0,0,100,61,,1,,,,,,0,61,2,,39,4,,Q90|negligence|vB_sue|vA_sue|defective,Q71|fault|counterfactual|capability,
2022-10-11 22:05:42,2022-10-11 22:08:43,0,208.200.6.224,100,181,1,2022-10-11 22:08:44,R_ZeJXIRiXrW7qK4N,,,,,39.085,-77.0932,anonymous,EN,1,2,2,19.347,19.765,30.614,2,0,0,23.496,0,82,85,70,73,74,68,78,82,1,2,,,,,,66,71,1,,43,5,,Q90|vB_sue|vA_sue|negligence|defective,Q71|counterfactual|capability|fault,
2022-10-11 22:06:58,2022-10-11 22:10:00,0,72.209.177.161,100,181,1,2022-10-11 22:10:00,R_3NUt3KD8gqhzY0Q,,,,,37.0687,-97.031,anonymous,EN,1,2,2,1.968,14.007,14.874,4,2.612,10.319,11.036,3,85,14,22,91,83,93,78,50,,2,,,,,,62,84,1,,31,1,,Q90|defective|vB_sue|vA_sue|negligence,Q71|counterfactual|capability|fault,
2022-10-11 22:05:07,2022-10-11 22:10:08,0,96.36.76.131,100,301,1,2022-10-11 22:10:08,R_2pXfxP4eWT9xxgD,,,,,34.9334,-81.9689,anonymous,EN,1,2,2,0.843,0.843,11.518,1,0,0,11.932,0,100,0,9,19,10,50,50,72,,1,,,,,,50,60,2,,35,5,,Q90|vB_sue|defective|negligence|vA_sue,Q71|counterfactual|capability|fault,
2022-10-11 22:06:12,2022-10-11 22:11:55,0,104.231.97.46,100,342,1,2022-10-11 22:11:55,R_3Gp1RdBxnEANshB,,,,,41.6868,-81.3399,anonymous,EN,1,2,2,0,0,20.197,0,0,0,12.854,0,100,0,0,0,0,5,50,75,,1,,,,,,50,25,1,,35,4,,Q90|vB_sue|negligence|defective|vA_sue,Q71|capability|fault|counterfactual,
2022-10-11 22:07:50,2022-10-11 22:12:12,0,98.127.137.72,100,262,1,2022-10-11 22:12:13,R_QhLTNLcJExh12NP,,,,,46.6099,-112.0244,anonymous,EN,1,2,2,0,0,20.983,0,0,0,11.989,0,100,0,0,5,0,5,50,92,,1,,,,,,0,20,1,,50,1,,Q90|defective|negligence|vB_sue|vA_sue,Q71|capability|fault|counterfactual,
2022-10-11 22:09:44,2022-10-11 22:12:47,0,70.18.11.212,100,182,1,2022-10-11 22:12:47,R_SOxrhuID20r1JFT,,,,,40.6446,-73.9743,anonymous,EN,1,2,2,0,0,15.898,0,0,0,12.393,0,100,0,1,5,6,16,61,25,,1,,,,,,60,81,1,,40,4,,Q90|vB_sue|negligence|vA_sue|defective,Q71|fault|counterfactual|capability,
2022-10-11 22:08:48,2022-10-11 22:14:51,0,70.37.209.163,100,362,1,2022-10-11 22:14:51,R_dmMrmlqtvzKigFz,,,,,42.5037,-97.2056,anonymous,EN,1,2,2,0,0,18.248,0,0,0,14.331,0,96,0,0,2,0,82,77,100,,1,,,,,,1,64,2,,40,2,,Q90|defective|vA_sue|negligence|vB_sue,Q71|capability|counterfactual|fault,
2022-10-11 22:07:29,2022-10-11 22:15:17,0,184.170.240.236,100,467,1,2022-10-11 22:15:17,R_psWM32qs45xW0k9,,,,,33.4413,-112.0421,anonymous,EN,1,2,2,0,0,21.501,0,0,0,19.611,0,22,15,9,12,76,96,15,67,1,2,,,,,,84,69,2,,28,7,,Q90|defective|negligence|vB_sue|vA_sue,Q71|fault|capability|counterfactual,
2022-10-11 22:06:29,2022-10-11 22:16:44,0,209.142.123.226,100,614,1,2022-10-11 22:16:44,R_2tEkDCpQSaNaT80,,,,,39.0469,-77.4903,anonymous,EN,1,2,2,0,0,72.977,0,0,0,40.864,0,82,13,75,53,71,40,50,80,1,1,,,,,,72,79,2,,44,5,,Q90|defective|vB_sue|negligence|vA_sue,Q71|counterfactual|capability|fault,
2022-10-11 22:13:12,2022-10-11 22:17:23,0,65.215.70.113,100,250,1,2022-10-11 22:17:23,R_1gMh0YoE9HPflPH,,,,,40.7123,-74.0068,anonymous,EN,1,2,2,0,0,73.32,0,0,0,16.78,0,100,93,97,99,98,96,96,100,1,1,,,,,,94,96,1,,60,3,,Q90|vA_sue|defective|negligence|vB_sue,Q71|capability|fault|counterfactual,
2022-10-11 22:14:29,2022-10-11 22:18:45,0,67.245.33.131,100,255,1,2022-10-11 22:18:46,R_40cmu8R8ajfQMGB,,,,,40.7579,-73.9332,anonymous,EN,1,2,2,0,0,23.072,0,0,0,10.676,0,100,0,2,0,0,6,34,89,,1,,,,,,75,67,1,,27,4,,Q90|defective|vA_sue|negligence|vB_sue,Q71|counterfactual|fault|capability,
2022-10-11 22:16:19,2022-10-11 22:19:35,0,68.32.41.142,100,196,1,2022-10-11 22:19:36,R_3I4AQxAZcXQoGFa,,,,,42.4327,-83.0396,anonymous,EN,1,2,2,0,0,17.957,0,0,0,14.528,0,80,40,35,71,35,65,74,90,,1,,,,,,57,38,1,,35,1,,Q90|negligence|defective|vA_sue|vB_sue,Q71|capability|fault|counterfactual,
2022-10-11 22:16:50,2022-10-11 22:20:36,0,73.223.236.18,100,225,1,2022-10-11 22:20:36,R_2akltqn4H73Z49s,,,,,37.3028,-121.9982,anonymous,EN,1,2,2,0,0,15.894,0,0,0,10.928,0,100,0,0,0,0,0,0,100,,1,,,,,,50,70,1,,23,4,,Q90|vB_sue|vA_sue|negligence|defective,Q71|capability|counterfactual|fault,
2022-10-11 22:19:36,2022-10-11 22:22:43,0,172.14.118.218,100,186,1,2022-10-11 22:22:44,R_3PHTe9TK8yNJSM5,,,,,34.137,-118.2376,anonymous,EN,1,2,2,0,0,17.781,0,0,0,12.889,0,100,0,0,0,0,0,23,100,,1,,,,,,75,90,2,,38,4,,Q90|negligence|vA_sue|vB_sue|defective,Q71|counterfactual|fault|capability,
2022-10-11 22:20:36,2022-10-11 22:22:45,0,73.49.60.153,100,128,1,2022-10-11 22:22:45,R_2Etw2qZ2GzRh7xk,,,,,26.0703,-80.2248,anonymous,EN,1,2,2,0,0,11.814,0,0,0,10.887,0,100,83,0,0,11,9,53,100,,1,,,,,,85,91,1,,34,4,,Q90|negligence|vB_sue|defective|vA_sue,Q71|capability|fault|counterfactual,
2022-10-11 22:20:19,2022-10-11 22:23:04,0,107.77.215.130,100,165,1,2022-10-11 22:23:04,R_2z8zzY7IDGoBSVs,,,,,28.6344,-81.6221,anonymous,EN,1,2,2,3.068,11.918,12.58,3,4.226,5.234,11.21,2,100,0,0,0,0,0,0,99,,1,,,,,,0,0,1,,25,1,,Q90|negligence|defective|vA_sue|vB_sue,Q71|capability|fault|counterfactual,
2022-10-11 22:19:38,2022-10-11 22:24:15,0,104.171.167.25,100,276,1,2022-10-11 22:24:15,R_6A5ZRFBeeNv9Nnz,,,,,39.0469,-77.4903,anonymous,EN,1,2,2,0,0,38.702,0,0,0,27.568,0,67,76,81,75,67,80,75,70,1,1,,,,,,82,71,2,,47,4,,Q90|negligence|vA_sue|vB_sue|defective,Q71|counterfactual|capability|fault,
2022-10-11 22:08:27,2022-10-11 22:26:00,0,76.153.18.77,100,1053,1,2022-10-11 22:26:00,R_30hMDc4ZSYOiiiN,,,,,25.8119,-80.2318,anonymous,EN,1,2,2,12.077,12.077,73.349,1,0,0,16.567,0,80,70,50,57,80,60,62,82,,1,,,,,,71,55,1,,57,7,,Q90|vA_sue|negligence|vB_sue|defective,Q71|capability|fault|counterfactual,
2022-10-11 22:05:43,2022-10-11 22:26:17,0,50.223.132.21,100,1233,1,2022-10-11 22:26:17,R_2f3E57aFcNzd8nb,,,,,40.7123,-74.0068,anonymous,EN,1,2,2,12.289,13.156,104.894,2,0,0,22.564,0,57,80,88,90,70,87,67,60,,1,,,,,,67,88,2,,41,5,,Q90|negligence|defective|vB_sue|vA_sue,Q71|fault|counterfactual|capability,
2022-10-11 22:24:57,2022-10-11 22:27:50,0,68.2.91.69,100,172,1,2022-10-11 22:27:50,R_2XpL34ty4mvdkBx,,,,,33.5988,-111.8795,anonymous,EN,1,2,2,3.357,15.296,16.452,2,1.591,10.83,11.579,3,100,7,0,0,0,0,49,92,,1,,,,,,0,52,1,,58,4,,Q90|vB_sue|defective|vA_sue|negligence,Q71|fault|counterfactual|capability,
2022-10-11 22:27:54,2022-10-11 22:31:22,0,71.30.243.130,100,207,1,2022-10-11 22:31:22,R_2QGSODJNrxMXdBV,,,,,30.1784,-83.0309,anonymous,EN,1,2,2,0,0,16.403,0,0,0,14.438,0,85,25,9,5,87,7,37,93,,1,,,,,,63,81,1,,36,4,,Q90|vA_sue|defective|vB_sue|negligence,Q71|capability|fault|counterfactual,
2022-10-11 22:29:57,2022-10-11 22:33:11,0,162.199.164.185,100,194,1,2022-10-11 22:33:12,R_3dVZnNajPbobZu8,,,,,33.1909,-96.6198,anonymous,EN,1,2,2,2.851,9.547,27.031,2,0,0,13.2,0,0,0,0,100,50,100,100,100,,1,,,,,,50,0,1,,41,4,,Q90|vB_sue|negligence|defective|vA_sue,Q71|fault|counterfactual|capability,
2022-10-11 22:29:15,2022-10-11 22:33:23,0,24.95.181.46,100,248,1,2022-10-11 22:33:24,R_1N5qiTcK4kYXohf,,,,,38.4736,-82.6413,anonymous,EN,1,2,2,0,0,34.832,0,0,0,11.497,0,80,10,10,10,40,30,50,35,1,1,,,,,,10,60,2,,50,4,,Q90|vB_sue|negligence|vA_sue|defective,Q71|counterfactual|capability|fault,
2022-10-11 22:30:10,2022-10-11 22:35:00,0,208.220.130.193,100,290,1,2022-10-11 22:35:01,R_1E0eGZYn9TmhHF6,,,,,42.7514,-71.5786,anonymous,EN,1,2,2,0,0,12.647,0,0,0,12.362,0,37,71,71,78,68,41,69,70,,2,,,,,,70,66,1,,30,4,,Q90|vA_sue|negligence|defective|vB_sue,Q71|fault|counterfactual|capability,
2022-10-11 22:36:21,2022-10-11 22:36:49,0,100.35.102.253,100,27,1,2022-10-11 22:36:50,R_1GJtkOB31sdsfqk,,,,,40.7463,-74.1553,anonymous,EN,1,1,2,,,,,,,,,,,,,,,,,,,,,,,,,,,,,,,,,
2022-10-11 22:36:28,2022-10-11 22:37:44,0,47.187.221.33,100,75,1,2022-10-11 22:37:44,R_3oMI4hhJcgTwq09,,,,,33.0757,-96.7827,anonymous,EN,1,2,2,12.565,12.565,12.794,1,0,0,11.364,0,74,65,24,73,36,41,59,67,1,1,,,,,,60,65,3,,33,4,,Q90|vA_sue|vB_sue|negligence|defective,Q71|capability|counterfactual|fault,
2022-10-11 22:34:58,2022-10-11 22:37:58,0,108.184.40.35,100,180,1,2022-10-11 22:37:58,R_sdTpwj4cSH1zEs1,,,,,33.9893,-118.089,anonymous,EN,1,2,2,0,0,28.325,0,0,0,11.387,0,76,19,8,6,3,27,10,83,,1,,,,,,16,48,2,,30,3,,Q90|vB_sue|defective|negligence|vA_sue,Q71|counterfactual|fault|capability,
2022-10-11 22:35:32,2022-10-11 22:38:02,0,99.190.46.172,100,150,1,2022-10-11 22:38:03,R_1lt9alFEWE9OqGa,,,,,35.1936,-80.6865,anonymous,EN,1,2,2,0,0,13.553,0,0,0,11.884,0,91,8,25,0,18,7,6,84,,1,,,,,,12,13,2,,22,3,,Q90|vA_sue|defective|vB_sue|negligence,Q71|capability|counterfactual|fault,
2022-10-11 22:33:22,2022-10-11 22:38:12,0,23.119.175.212,100,290,1,2022-10-11 22:38:12,R_emQjdAl7HOIut9f,,,,,29.6918,-95.6526,anonymous,EN,1,2,2,20.186,30.942,31.513,3,0,0,11.32,0,100,0,0,0,24,30,70,82,,1,,,,,,30,40,1,,35,1,,Q90|vB_sue|vA_sue|negligence|defective,Q71|fault|capability|counterfactual,
2022-10-11 22:36:20,2022-10-11 22:38:44,0,67.189.129.240,100,143,1,2022-10-11 22:38:44,R_xlrlCULqK6l3LIB,,,,,41.4098,-73.59,anonymous,EN,1,2,2,0,0,20.965,0,0,0,11.066,0,74,15,50,34,50,50,50,50,,1,,,,,,73,50,1,,35,4,,Q90|defective|vA_sue|vB_sue|negligence,Q71|capability|fault|counterfactual,
2022-10-11 22:35:35,2022-10-11 22:38:54,0,69.4.154.8,100,199,1,2022-10-11 22:38:54,R_3CTTq7mzqtoDZYj,,,,,38.7169,-121.3677,anonymous,EN,1,2,2,0,0,11.571,0,0,0,11.498,0,98,4,3,4,9,65,81,80,,1,,,,,,67,91,1,,50,5,,Q90|vA_sue|vB_sue|defective|negligence,Q71|counterfactual|fault|capability,
2022-10-11 22:35:53,2022-10-11 22:39:02,0,104.245.141.164,100,188,1,2022-10-11 22:39:02,R_2CxrsHN51zv9vcK,,,,,37.4418,-83.2976,anonymous,EN,1,2,2,0,0,11.868,0,0,0,11.15,0,95,10,0,10,10,30,15,85,,1,,,,,,15,55,1,,35,3,,Q90|defective|vB_sue|vA_sue|negligence,Q71|capability|fault|counterfactual,
2022-10-11 22:37:11,2022-10-11 22:39:46,0,174.205.46.226,100,154,1,2022-10-11 22:39:46,R_2wz90gUrH9fxzbH,,,,,36.175,-115.1372,anonymous,EN,1,2,2,1.671,23.339,24.254,3,2.127,2.127,11.08,1,88,88,32,26,37,32,65,81,1,2,,,,,,61,59,1,,31,4,,Q90|negligence|vB_sue|defective|vA_sue,Q71|counterfactual|capability|fault,
2022-10-11 22:37:46,2022-10-11 22:41:08,0,205.156.136.250,100,201,1,2022-10-11 22:41:08,R_28HcNq8o4hMIAZU,,,,,32.7797,-96.8022,anonymous,EN,1,2,2,17.992,17.992,18.647,1,0,0,11.268,0,100,0,0,0,0,50,52,100,,1,,,,,,21,64,1,,31,4,,Q90|negligence|vA_sue|defective|vB_sue,Q71|capability|counterfactual|fault,
2022-10-11 22:37:23,2022-10-11 22:41:13,0,107.122.245.49,100,229,1,2022-10-11 22:41:13,R_2PBEQYKRHKlgu1F,,,,,42.3575,-83.2162,anonymous,EN,1,2,2,3.397,3.397,20.686,1,10.077,10.077,15.149,1,90,0,0,0,13,61,65,80,1,1,,,,,,16,79,1,,32,1,,Q90|vA_sue|negligence|defective|vB_sue,Q71|fault|capability|counterfactual,
2022-10-11 22:36:32,2022-10-11 22:42:05,0,75.184.45.51,100,332,1,2022-10-11 22:42:05,R_byMYfa3JRMxHSdb,,,,,35.001,-78.9345,anonymous,EN,1,2,2,11.471,11.471,49.569,1,0,0,11.346,0,100,4,0,15,40,53,70,85,,1,,,,,,0,0,2,,65,4,,Q90|negligence|vA_sue|defective|vB_sue,Q71|counterfactual|fault|capability,
2022-10-11 22:36:13,2022-10-11 22:42:06,0,68.101.172.192,100,353,1,2022-10-11 22:42:06,R_2pWQM5FdCmS7i9M,,,,,33.1097,-117.067,anonymous,EN,1,2,2,5.486,16.094,57.492,2,0,0,32.603,0,100,0,0,10,5,55,90,100,,1,,,,,,50,55,1,,39,4,,Q90|negligence|vA_sue|defective|vB_sue,Q71|counterfactual|fault|capability,
2022-10-11 22:35:59,2022-10-11 22:42:24,0,66.109.35.156,100,385,1,2022-10-11 22:42:25,R_2s33QXqQbf1Ja3n,,,,,42.731,-73.7081,anonymous,EN,1,2,2,0,0,18.299,0,0,0,29.922,0,100,73,50,100,14,89,17,73,,2,,,,,,65,66,1,,26,4,,Q90|negligence|vB_sue|defective|vA_sue,Q71|fault|counterfactual|capability,
2022-10-11 22:39:49,2022-10-11 22:42:44,0,65.78.109.183,100,175,1,2022-10-11 22:42:45,R_pH6xTfkXMysvKrT,,,,,40.5995,-75.3763,anonymous,EN,1,2,2,0,0,28.96,0,0,0,11.226,0,100,0,0,0,40,14,0,100,1,1,,,,,,40,40,1,,44,6,,Q90|vB_sue|vA_sue|negligence|defective,Q71|capability|fault|counterfactual,
2022-10-11 22:39:23,2022-10-11 22:42:52,0,47.156.185.2,100,209,1,2022-10-11 22:42:52,R_Za6Tl8ZfP0ZhjDX,,,,,33.8308,-118.1125,anonymous,EN,1,2,2,19.743,19.743,20.516,1,8.366,8.366,11.461,1,100,36,3,20,43,38,82,92,,1,,,,,,31,67,1,,51,5,,Q90|vB_sue|negligence|defective|vA_sue,Q71|counterfactual|fault|capability,
2022-10-11 22:36:58,2022-10-11 22:42:58,0,45.51.107.21,100,360,1,2022-10-11 22:42:59,R_1gOX1KaKcpMZcP8,,,,,34.2666,-118.7643,anonymous,EN,1,2,2,0,0,37.85,0,0,0,11.054,0,100,0,0,0,0,0,100,100,,1,,,,,,75,75,1,,41,3,,Q90|vB_sue|defective|vA_sue|negligence,Q71|fault|capability|counterfactual,
2022-10-11 22:41:04,2022-10-11 22:43:12,0,174.70.185.33,100,127,1,2022-10-11 22:43:12,R_SZeEI6K3SeXVbln,,,,,39.0539,-95.7097,anonymous,EN,1,2,2,11.185,11.185,11.486,1,10.928,10.928,11.284,1,100,0,0,0,0,0,94,50,,1,,,,,,0,26,1,,35,3,,Q90|vB_sue|negligence|defective|vA_sue,Q71|fault|counterfactual|capability,
2022-10-11 22:39:03,2022-10-11 22:43:21,0,97.87.72.82,100,257,1,2022-10-11 22:43:21,R_1Lb9jqY0UFTjzLl,,,,,36.2099,-81.6724,anonymous,EN,1,2,2,0,0,28.139,0,0,0,13.659,0,100,0,0,0,7,4,82,78,,1,,,,,,26,65,2,,30,4,,Q90|negligence|defective|vA_sue|vB_sue,Q71|counterfactual|capability|fault,
2022-10-11 22:39:49,2022-10-11 22:44:03,0,71.196.173.184,100,254,1,2022-10-11 22:44:04,R_1PY32ZQh8brXgwe,,,,,39.8147,-105.1168,anonymous,EN,1,2,2,0,0,25.572,0,0,0,15.245,0,100,0,0,0,0,0,0,100,,1,,,,,,0,80,1,,48,3,,Q90|vB_sue|negligence|defective|vA_sue,Q71|counterfactual|fault|capability,
2022-10-11 22:40:30,2022-10-11 22:44:09,0,24.11.115.28,100,218,1,2022-10-11 22:44:10,R_yVokk8R2fLKfkEV,,,,,40.4953,-111.9439,anonymous,EN,1,2,2,32.617,32.98,33.331,2,0,0,27.389,0,100,0,0,0,0,100,0,89,1,2,,,,,,82,84,1,,44,4,,Q90|vA_sue|vB_sue|defective|negligence,Q71|fault|counterfactual|capability,
2022-10-11 22:39:00,2022-10-11 22:44:20,0,185.147.195.74,100,320,1,2022-10-11 22:44:21,R_2ALObgJlPVSyJ4r,,,,,45.8273,-118.5014,anonymous,EN,1,2,2,0,0,25.777,0,0,0,14.992,0,100,0,0,0,4,9,96,82,,1,,,,,,39,88,2,,52,3,,Q90|defective|negligence|vB_sue|vA_sue,Q71|counterfactual|capability|fault,
2022-10-11 22:41:05,2022-10-11 22:44:28,0,108.194.200.239,100,203,1,2022-10-11 22:44:28,R_2zU4b6qa2nP4EdA,,,,,29.4744,-90.544,anonymous,EN,1,2,2,13.794,14.482,22.345,2,2.247,2.247,11.448,1,100,0,0,0,0,0,0,0,1,1,,,,,,60,80,2,,37,1,,Q90|negligence|vB_sue|defective|vA_sue,Q71|counterfactual|capability|fault,
2022-10-11 22:42:32,2022-10-11 22:44:50,0,98.36.187.124,100,137,1,2022-10-11 22:44:50,R_27K9lYUvBEkgvdu,,,,,38.4272,-121.442,anonymous,EN,1,2,2,4.143,19.108,19.554,9,3.249,3.249,11.278,1,100,0,0,0,5,3,50,59,,1,,,,,,53,52,2,,27,4,,Q90|defective|negligence|vB_sue|vA_sue,Q71|fault|counterfactual|capability,
2022-10-11 22:38:03,2022-10-11 22:45:18,0,73.173.70.5,100,434,1,2022-10-11 22:45:18,R_3Pvpd1aDJRzLbjS,,,,,39.3529,-76.5743,anonymous,EN,1,2,2,6.493,6.493,41.452,1,0,0,17.169,0,67,45,55,44,67,65,64,61,,1,,,,,,61,58,1,,26,4,,Q90|negligence|defective|vA_sue|vB_sue,Q71|capability|fault|counterfactual,
2022-10-11 22:42:22,2022-10-11 22:45:18,0,68.194.199.74,100,175,1,2022-10-11 22:45:18,R_237cDeo7thogIFX,,,,,40.4551,-74.4871,anonymous,EN,1,2,2,7.919,13.352,14.226,2,13.14,13.14,13.77,1,35,61,8,71,50,88,93,80,,2,,,,,,5,35,1,,37,3,,Q90|negligence|defective|vA_sue|vB_sue,Q71|fault|capability|counterfactual,
2022-10-11 22:35:53,2022-10-11 22:45:34,0,172.14.33.236,100,581,1,2022-10-11 22:45:35,R_25NoQuIB7hmhRBq,,,,,37.9985,-121.8878,anonymous,EN,1,2,2,0,0,21.44,0,0,0,18.842,0,68,62,26,63,37,100,100,51,,1,,,,,,26,100,2,,30,5,,Q90|vB_sue|negligence|defective|vA_sue,Q71|fault|capability|counterfactual,
2022-10-11 22:37:07,2022-10-11 22:45:45,0,162.206.59.204,100,517,1,2022-10-11 22:45:45,R_7Qk61zQmVA2kDUl,,,,,29.5593,-97.9631,anonymous,EN,1,2,2,4.903,5.355,53.75,3,0,0,28.959,0,100,0,0,5,1,35,35,80,,1,,,,,,30,60,2,,46,4,,Q90|vA_sue|negligence|vB_sue|defective,Q71|counterfactual|fault|capability,
2022-10-11 22:35:15,2022-10-11 22:46:00,0,104.239.31.71,100,644,1,2022-10-11 22:46:00,R_33x7sUlKpMTSyu0,,,,,41.8874,-87.6318,anonymous,EN,1,2,2,0,0,22.472,0,0,0,18.897,0,92,90,93,96,100,92,100,92,1,1,,,,,,100,100,2,,22,5,,Q90|vA_sue|vB_sue|defective|negligence,Q71|fault|counterfactual|capability,
2022-10-11 22:44:13,2022-10-11 22:46:03,0,45.51.79.241,100,109,1,2022-10-11 22:46:03,R_22Prr7o7rpvIDw2,,,,,33.9339,-117.8854,anonymous,EN,1,2,2,11.021,11.021,11.396,1,0,0,18.137,0,22,84,35,100,65,50,40,50,,2,,,,,,20,50,1,,25,7,,Q90|negligence|vB_sue|vA_sue|defective,Q71|fault|counterfactual|capability,
2022-10-11 22:40:42,2022-10-11 22:46:12,0,99.67.59.154,100,329,1,2022-10-11 22:46:12,R_aacXzZHjr2SPfTH,,,,,33.8744,-117.8565,anonymous,EN,1,2,2,0,0,47.461,0,0,0,13.133,0,94,3,2,11,13,37,84,98,,1,,,,,,66,72,2,,64,4,,Q90|defective|vA_sue|vB_sue|negligence,Q71|counterfactual|fault|capability,
2022-10-11 22:44:54,2022-10-11 22:46:37,0,70.186.229.82,100,102,1,2022-10-11 22:46:38,R_2aghs5OQaSFDkSu,,,,,36.2038,-115.2255,anonymous,EN,1,2,2,0,0,14.115,0,0,0,12.166,0,72,86,44,72,74,100,71,80,,1,,,,,,71,72,1,,26,4,,Q90|defective|vA_sue|vB_sue|negligence,Q71|fault|counterfactual|capability,
2022-10-11 22:41:14,2022-10-11 22:46:49,0,71.236.243.128,100,335,1,2022-10-11 22:46:50,R_2E5VzXeZMICUlzA,,,,,44.0645,-123.1461,anonymous,EN,1,2,2,0,0,40.4,0,0,0,11.729,0,100,0,0,75,100,100,100,0,,1,,,,,,0,27,1,,63,4,,Q90|vA_sue|negligence|vB_sue|defective,Q71|capability|counterfactual|fault,
2022-10-11 22:42:17,2022-10-11 22:47:02,0,72.234.120.68,100,285,1,2022-10-11 22:47:03,R_0dBQinsHtj0v3Bn,,,,,21.3328,-158.0181,anonymous,EN,1,2,2,27.697,27.697,30.04,1,0,0,16.652,0,100,0,0,0,0,0,50,100,,1,,,,,,20,60,2,,42,1,,Q90|defective|vB_sue|vA_sue|negligence,Q71|counterfactual|capability|fault,
2022-10-11 22:43:32,2022-10-11 22:47:06,0,173.174.18.31,100,214,1,2022-10-11 22:47:07,R_1DvZELbdSzquSNN,,,,,33.0032,-96.5434,anonymous,EN,1,2,2,18.989,18.989,21.101,1,19.581,19.581,21.379,1,100,0,0,0,0,0,50,100,1,1,,,,,,0,26,4,nonbinary,42,4,,Q90|negligence|vA_sue|vB_sue|defective,Q71|counterfactual|capability|fault,
2022-10-11 22:41:14,2022-10-11 22:48:04,0,173.175.143.100,100,409,1,2022-10-11 22:48:04,R_3h5AqUjJizy8HXc,,,,,31.7899,-106.3658,anonymous,EN,1,2,2,0,0,38,0,0,0,12.988,0,100,0,0,0,19,60,80,80,,1,,,,,,70,80,2,,24,4,,Q90|defective|vB_sue|negligence|vA_sue,Q71|fault|counterfactual|capability,
2022-10-11 22:45:00,2022-10-11 22:48:14,0,70.175.146.17,100,194,1,2022-10-11 22:48:15,R_3szepJPFjNxP2oy,,,,,33.5472,-117.6238,anonymous,EN,1,2,2,0,0,13.979,0,11.268,11.268,14.082,1,100,0,0,0,0,5,50,60,,1,,,,,,25,45,2,,27,4,,Q90|negligence|vA_sue|defective|vB_sue,Q71|counterfactual|fault|capability,
2022-10-11 22:42:39,2022-10-11 22:48:32,0,24.251.186.74,100,353,1,2022-10-11 22:48:33,R_UMY6napMUYF316h,,,,,33.3121,-111.8213,anonymous,EN,1,2,2,0,0,34.789,0,0,0,11.588,0,100,0,20,61,60,100,100,100,,1,,,,,,0,81,1,,43,3,,Q90|negligence|defective|vB_sue|vA_sue,Q71|capability|counterfactual|fault,
2022-10-11 22:38:39,2022-10-11 22:48:47,0,71.238.108.115,100,608,1,2022-10-11 22:48:48,R_WciCbe1tghJh6fv,,,,,45.7168,-122.6899,anonymous,EN,1,2,2,0,0,37.298,0,0,0,34.839,0,100,0,0,0,4,0,83,100,,1,,,,,,27,94,2,,39,5,,Q90|negligence|vB_sue|vA_sue|defective,Q71|counterfactual|fault|capability,
2022-10-11 22:45:43,2022-10-11 22:48:52,0,108.185.146.83,100,189,1,2022-10-11 22:48:53,R_241Na73PsV9hHXA,,,,,34.047,-118.275,anonymous,EN,1,2,2,0,0,21.031,0,0,0,11.415,0,0,100,50,100,55,100,74,100,,2,,,,,,27,47,2,,49,3,,Q90|negligence|defective|vA_sue|vB_sue,Q71|counterfactual|fault|capability,
2022-10-11 22:46:21,2022-10-11 22:48:52,0,24.23.20.225,100,151,1,2022-10-11 22:48:53,R_2pLWYwnFt8BvO0t,,,,,38.7169,-121.3677,anonymous,EN,1,2,2,1.235,1.235,15.327,1,0,0,11.068,0,100,0,0,8,12,4,61,23,,1,,,,,,54,78,2,,22,4,,Q90|vA_sue|vB_sue|negligence|defective,Q71|counterfactual|capability|fault,
2022-10-11 22:44:56,2022-10-11 22:48:59,0,104.35.101.10,100,243,1,2022-10-11 22:49:00,R_1gv9wtc9FlPqc7E,,,,,34.1867,-118.3878,anonymous,EN,1,2,2,3.184,15.53,18.44,2,3.995,3.995,11.671,1,100,0,86,100,29,35,18,85,,1,,,,,,72,89,2,,29,4,,Q90|defective|negligence|vA_sue|vB_sue,Q71|fault|capability|counterfactual,
2022-10-11 22:43:00,2022-10-11 22:49:04,0,192.180.12.203,100,363,1,2022-10-11 22:49:05,R_2R35ZTSsyHHokDz,,,,,41.1236,-83.1819,anonymous,EN,1,2,2,0,0,22.494,0,0,0,11.416,0,80,0,0,0,72,36,74,67,,1,,,,,,44,85,1,,24,1,,Q90|vA_sue|negligence|defective|vB_sue,Q71|fault|counterfactual|capability,
2022-10-11 22:43:25,2022-10-11 22:50:00,0,174.247.28.104,100,394,1,2022-10-11 22:50:00,R_20Y9U1XJKyKCLxu,,,,,35.2227,-80.7938,anonymous,EN,1,2,2,0,0,32.274,0,0,0,17.703,0,100,0,0,0,0,75,50,50,,1,,,,,,0,90,2,,55,4,,Q90|defective|vB_sue|negligence|vA_sue,Q71|fault|capability|counterfactual,
2022-10-11 22:46:07,2022-10-11 22:50:10,0,12.233.2.1,100,242,1,2022-10-11 22:50:11,R_29h5s6pKO7cVYYn,,,,,41.3164,-88.5994,anonymous,EN,1,2,2,18.967,18.967,21.772,1,10.7,10.7,12.601,1,100,0,0,0,22,17,50,72,,1,,,,,,9,0,2,,49,4,,Q90|negligence|vA_sue|vB_sue|defective,Q71|counterfactual|capability|fault,
2022-10-11 22:44:13,2022-10-11 22:51:06,0,50.109.89.232,100,412,1,2022-10-11 22:51:06,R_1QMnwQg1UBJ5WNa,,,,,40.1492,-88.9685,anonymous,EN,1,2,2,0,0,51.561,0,14.684,14.684,20.774,1,100,0,0,0,25,50,100,50,,1,,,,,,0,10,1,,52,5,,Q90|defective|negligence|vA_sue|vB_sue,Q71|fault|capability|counterfactual,
2022-10-11 22:45:53,2022-10-11 22:51:33,0,174.240.235.23,100,339,1,2022-10-11 22:51:34,R_Tbey0RiRvBRQHex,,,,,41.8764,-87.6133,anonymous,EN,1,2,2,11.38,23.926,24.834,4,1.733,26.019,27.17,3,100,0,0,0,0,0,100,81,,1,,,,,,66,73,1,,28,3,,Q90|defective|vB_sue|negligence|vA_sue,Q71|fault|counterfactual|capability,
2022-10-11 22:48:29,2022-10-11 22:52:33,0,75.89.202.244,100,244,1,2022-10-11 22:52:34,R_3I0qdATGpRWwhsl,,,,,40.1846,-76.3015,anonymous,EN,1,2,2,0,0,31.771,0,0,0,17.423,0,20,0,7,14,0,27,23,82,,2,,,,,,20,0,1,,26,3,,Q90|defective|vA_sue|negligence|vB_sue,Q71|capability|counterfactual|fault,
2022-10-11 22:47:47,2022-10-11 22:52:38,0,138.207.251.122,100,290,1,2022-10-11 22:52:38,R_22rCy6ZOVu4CvAV,,,,,40.5076,-78.3925,anonymous,EN,1,2,2,46.358,46.91,47.884,2,0,0,11.502,0,100,0,0,0,21,10,83,40,,1,,,,,,22,63,2,,55,1,,Q90|defective|negligence|vA_sue|vB_sue,Q71|fault|counterfactual|capability,
2022-10-11 22:32:53,2022-10-11 22:53:01,0,50.231.88.196,100,1207,1,2022-10-11 22:53:01,R_3LhxZ95Uje1YWiT,,,,,40.7123,-74.0068,anonymous,EN,1,2,2,0,0,1053.038,0,0,0,45.131,0,67,58,63,62,82,75,76,64,1,2,,,,,,68,62,2,,40,5,,Q90|vB_sue|defective|negligence|vA_sue,Q71|capability|counterfactual|fault,
2022-10-11 22:51:09,2022-10-11 22:53:53,0,172.58.139.53,100,163,1,2022-10-11 22:53:54,R_1OSLfsS63fWMU5G,,,,,41.8883,-87.7613,anonymous,EN,1,2,2,0,0,15.396,0,0,0,11.01,0,82,23,42,32,42,73,80,72,,1,,,,,,38,56,1,,27,4,,Q90|negligence|vB_sue|vA_sue|defective,Q71|counterfactual|fault|capability,
2022-10-11 22:53:38,2022-10-11 22:56:49,0,162.249.250.242,100,191,1,2022-10-11 22:56:49,R_0umtgwIe2XVmvct,,,,,46.3257,-119.3067,anonymous,EN,1,2,2,0,0,19.408,0,0,0,11.092,0,100,0,0,0,9,41,58,50,,1,,,,,,0,53,2,,34,3,,Q90|negligence|vA_sue|vB_sue|defective,Q71|capability|counterfactual|fault,
2022-10-11 22:54:59,2022-10-11 22:58:18,0,173.23.42.244,100,199,1,2022-10-11 22:58:19,R_SQ7uu5N7hlr9Xxf,,,,,42.1009,-88.8695,anonymous,EN,1,2,2,0,0,19.401,0,0,0,11.1,0,100,0,0,0,50,50,50,100,,1,,,,,,50,50,2,,42,2,,Q90|vA_sue|defective|negligence|vB_sue,Q71|fault|capability|counterfactual,
2022-10-11 22:41:12,2022-10-11 22:58:21,0,148.74.192.127,100,1028,1,2022-10-11 22:58:22,R_2PnbVbVsIwuRqgq,,,,,40.9186,-73.8932,anonymous,EN,1,2,2,200.356,200.866,214.861,2,2.796,34.818,493.408,2,0,27,76,74,74,100,74,61,,2,,,,,,50,65,1,,23,1,,Q90|defective|negligence|vB_sue|vA_sue,Q71|counterfactual|capability|fault,
2022-10-11 22:46:08,2022-10-11 22:59:37,0,73.117.12.71,100,808,1,2022-10-11 22:59:37,R_oXq9d3ptuJBDi37,,,,,39.4527,-78.8926,anonymous,EN,1,2,2,0,0,115.994,0,0,0,10.833,0,100,0,0,0,0,1,51,50,1,1,,,,,,8,29,2,,44,1,,Q90|vA_sue|defective|negligence|vB_sue,Q71|capability|counterfactual|fault,
2022-10-11 22:58:00,2022-10-11 23:01:48,0,72.207.155.88,100,227,1,2022-10-11 23:01:48,R_2awB2nLMQMVs4lU,,,,,36.2973,-115.2418,anonymous,EN,1,2,2,0,0,33.829,0,0,0,11.702,0,100,0,0,0,0,0,0,81,,1,,,,,,9,60,2,,71,4,,Q90|defective|vB_sue|negligence|vA_sue,Q71|counterfactual|capability|fault,
2022-10-11 22:58:38,2022-10-11 23:02:14,0,184.170.74.145,100,215,1,2022-10-11 23:02:14,R_1qb147MX7wE29ED,,,,,37.2643,-78.649,anonymous,EN,1,2,2,3.739,3.739,36.566,1,0,0,15.397,0,82,3,6,69,78,84,89,89,1,1,,,,,,24,18,2,,40,4,,Q90|vA_sue|defective|vB_sue|negligence,Q71|fault|counterfactual|capability,
2022-10-11 22:53:04,2022-10-11 23:02:25,0,71.33.223.88,100,560,1,2022-10-11 23:02:25,R_vB5uhmVO120OvU5,,,,,39.7301,-104.9078,anonymous,EN,1,2,2,3.132,3.132,20.456,1,0,0,218.769,0,100,0,0,0,3,0,15,78,,1,,,,,,42,76,1,,32,3,,Q90|vB_sue|defective|vA_sue|negligence,Q71|capability|counterfactual|fault,
2022-10-11 22:57:48,2022-10-11 23:03:09,0,98.29.204.85,100,321,1,2022-10-11 23:03:09,R_2Evnj5YeU9biUGa,,,,,39.7531,-84.2507,anonymous,EN,1,2,2,0,0,46.189,0,0,0,12.544,0,100,0,0,0,0,0,41,100,,1,,,,,,14,22,1,,54,4,,Q90|defective|vA_sue|negligence|vB_sue,Q71|capability|fault|counterfactual,
2022-10-11 22:58:09,2022-10-11 23:03:20,0,23.241.3.92,100,311,1,2022-10-11 23:03:20,R_pFvbLTOk0sv8CQx,,,,,33.7372,-117.8232,anonymous,EN,1,2,2,0,0,31.87,0,0,0,11.517,0,100,0,1,0,0,0,100,80,,1,,,,,,20,50,2,,52,3,,Q90|vA_sue|defective|vB_sue|negligence,Q71|counterfactual|capability|fault,
2022-10-11 23:05:19,2022-10-11 23:09:14,0,76.184.22.73,100,234,1,2022-10-11 23:09:15,R_1igmYlrfx9745hK,,,,,32.7816,-97.0828,anonymous,EN,1,2,2,0,0,48.04,0,0,0,11.255,0,100,0,0,0,0,0,50,100,,1,,,,,,50,60,2,,38,4,,Q90|negligence|vB_sue|defective|vA_sue,Q71|counterfactual|capability|fault,
2022-10-11 23:00:18,2022-10-11 23:10:00,0,208.221.33.187,100,582,1,2022-10-11 23:10:01,R_a65aV1LA9Ns43E5,,,,,39.3641,-77.4622,anonymous,EN,1,2,2,0,0,30.684,0,0,0,15.816,0,100,0,0,0,10,0,0,100,,1,,,,,,70,75,2,,39,4,,Q90|vA_sue|negligence|vB_sue|defective,Q71|capability|counterfactual|fault,
2022-10-11 23:10:00,2022-10-11 23:10:31,0,98.207.33.81,100,30,1,2022-10-11 23:10:31,R_reYIoBsgpgEIILf,,,,,37.7558,-121.9527,anonymous,EN,1,1,2,,,,,,,,,,,,,,,,,,,,,,,,,,,,,,,,,
2022-10-11 23:07:21,2022-10-11 23:10:50,0,173.27.183.63,100,209,1,2022-10-11 23:10:51,R_vHMwI2T4UHU4YDv,,,,,43.0443,-91.119,anonymous,EN,1,2,2,0,0,16.517,0,0,0,11.537,0,100,0,0,0,10,50,82,51,,1,,,,,,30,9,2,,67,1,,Q90|vB_sue|defective|negligence|vA_sue,Q71|counterfactual|capability|fault,
2022-10-11 23:07:02,2022-10-11 23:12:42,0,75.73.13.150,100,340,1,2022-10-11 23:12:43,R_3s0UryzBlh2EAJ7,,,,,44.9143,-93.4497,anonymous,EN,1,2,2,27.327,27.327,29.298,1,14.481,14.481,16.766,1,100,0,0,0,5,0,100,80,,1,,,,,,0,90,2,,70,5,,Q90|vB_sue|negligence|vA_sue|defective,Q71|counterfactual|capability|fault,
2022-10-11 23:10:42,2022-10-11 23:13:52,0,98.207.33.81,100,190,1,2022-10-11 23:13:52,R_3HzZFgeKGoK26EM,,,,,37.7558,-121.9527,anonymous,EN,1,2,2,0,0,11.587,0,0,0,13.046,0,92,88,41,84,78,94,80,80,1,1,,,,,,79,97,2,,49,4,,Q90|vB_sue|vA_sue|negligence|defective,Q71|fault|capability|counterfactual,
2022-10-11 23:05:36,2022-10-11 23:14:42,0,65.215.43.163,100,545,1,2022-10-11 23:14:42,R_1K7suxWq9wljHm5,,,,,40.7123,-74.0068,anonymous,EN,1,2,2,12.676,14.008,106.436,8,23.635,23.635,25.014,1,97,62,100,92,92,100,83,50,,1,,,,,,80,69,2,,46,4,,Q90|vA_sue|vB_sue|defective|negligence,Q71|counterfactual|fault|capability,
2022-10-11 23:14:08,2022-10-11 23:17:28,0,24.14.130.155,100,199,1,2022-10-11 23:17:28,R_1hxTgzTOi84VJQR,,,,,41.8388,-87.7891,anonymous,EN,1,2,2,0,0,21.306,0,0,0,10.829,0,100,0,0,0,0,0,0,50,,1,,,,,,50,100,1,,31,1,,Q90|vB_sue|defective|negligence|vA_sue,Q71|capability|counterfactual|fault,
2022-10-11 23:13:55,2022-10-11 23:18:34,0,45.23.30.121,100,278,1,2022-10-11 23:18:34,R_1OVJY7escM9F8PX,,,,,39.7168,-84.1575,anonymous,EN,1,2,2,2.257,31.094,31.645,5,5.8,5.8,10.985,1,100,0,0,0,0,0,5,20,,1,,,,,,25,60,2,,29,2,,Q90|vB_sue|defective|negligence|vA_sue,Q71|counterfactual|capability|fault,
2022-10-11 23:25:11,2022-10-11 23:29:00,0,66.128.124.11,100,229,1,2022-10-11 23:29:01,R_2zFQf48j8pmrZCv,,,,,38.6976,-90.3604,anonymous,EN,1,2,2,14.127,14.127,29.054,1,11.512,11.512,12.007,1,100,0,1,0,0,0,100,50,,1,,,,,,0,77,2,,66,4,,Q90|defective|vA_sue|negligence|vB_sue,Q71|fault|counterfactual|capability,
2022-10-11 23:28:22,2022-10-11 23:30:55,0,68.4.166.206,100,152,1,2022-10-11 23:30:56,R_3nCxkBVYYxki4bL,,,,,33.4339,-117.6221,anonymous,EN,1,2,2,0,0,11.551,0,0,0,11.24,0,100,0,0,0,0,0,50,100,,1,,,,,,50,50,1,,32,1,,Q90|vA_sue|vB_sue|negligence|defective,Q71|capability|counterfactual|fault,
2022-10-11 23:28:58,2022-10-11 23:31:56,0,208.200.7.52,100,178,1,2022-10-11 23:31:56,R_337RyHCLLV7JakV,,,,,39.085,-77.0932,anonymous,EN,1,2,2,0,0,26.956,0,0,0,22.369,0,77,85,77,77,79,80,81,92,1,1,,,,,,82,91,2,,36,4,,Q90|defective|negligence|vB_sue|vA_sue,Q71|capability|fault|counterfactual,
2022-10-11 23:38:25,2022-10-11 23:40:58,0,73.148.224.88,100,152,1,2022-10-11 23:40:58,R_vpnsj3zgx3ue6Bz,,,,,30.3668,-81.5873,anonymous,EN,1,2,2,0,0,12.393,0,0,0,11.199,0,100,0,0,1,2,0,2,100,,1,,,,,,14,8,1,,26,4,,Q90|vB_sue|defective|vA_sue|negligence,Q71|capability|counterfactual|fault,
2022-10-11 23:36:59,2022-10-11 23:44:23,0,98.188.171.51,100,443,1,2022-10-11 23:44:24,R_Q6vQcaRN7IBGMsV,,,,,36.1715,-115.2813,anonymous,EN,1,2,2,5.685,121.076,122.426,5,14.411,14.411,28.178,1,100,1,12,7,0,70,73,100,,1,,,,,,54,67,1,,35,4,,Q90|negligence|defective|vB_sue|vA_sue,Q71|fault|counterfactual|capability,
2022-10-12 00:45:24,2022-10-12 00:48:17,0,68.59.117.67,100,173,1,2022-10-12 00:48:18,R_2wiU4UB1aDnCts7,,,,,30.7782,-83.5519,anonymous,EN,1,2,2,11.489,13.089,14.384,3,10.791,10.791,11.025,1,100,0,0,0,10,0,50,100,,1,,,,,,50,60,1,,29,1,,Q90|vA_sue|vB_sue|negligence|defective,Q71|fault|counterfactual|capability,
2022-10-12 00:49:53,2022-10-12 00:52:26,0,68.11.179.32,100,152,1,2022-10-12 00:52:26,R_1KuQmhZzJ5Nesfz,,,,,30.1012,-92.0112,anonymous,EN,1,2,2,0,0,14.077,0,0,0,12.505,0,60,0,0,0,5,0,10,80,,1,,,,,,10,0,1,,36,1,,Q90|negligence|defective|vB_sue|vA_sue,Q71|capability|fault|counterfactual,
